"full_name","country_code","role","season","team","mins_played","xG","goals","xA","assists","xT","xT_from_passes","xT_from_carries","won_dribblings","attempted_dribblings","won_dribblings_ratio","offensive_aero"
Zlatan Ibrahimovic,SWE,FW,2021,Milan,1008,6.2524492,8,2.0122613,3,0.7941231,0.6358275,0.1582956,5,9,0.5556,68.9437
Fabio Quagliarella,ITA,FW,2021,Sampdoria,1658,4.2591784,4,1.83709,3,0.6302698,0.5852175,0.0450523,11,23,0.4783,38.1917
Cristiano Ronaldo,PRT,FW,2021,Juventus,31,0.2364108,,0.0281312,,-0.0182404,-0.0175967,-0.0006437,1,1,1.0000,
Goran Pandev,MKD,FW,2021,Genoa,835,0.4649214,,1.1868174,1,0.6278321,0.3496608,0.2781713,10,22,0.4545,40.5377
Stefano Okaka,ITA,FW,2021,Udinese,20,0.0338229,,0.0015251,1,0.0169066,0.0025241,0.0143825,,,,54.5864
Franck Ribéry,FRA,FW,2021,Salernitana,1426,0.8601618,,3.2906701,3,1.6867644,0.5632715,1.1234929,28,63,0.4444,24.3009
Samuel Di Carmine,ITA,FW,2021,Verona,35,0.0528104,,0.001436,,-0.005144,-0.005144,,,,,61.6815
Alexis Sánchez,CHL,FW,2021,Internazionale,862,4.95161,5,2.5208738,2,1.4815018,0.7891089,0.6923929,21,39,0.5385,40.9643
Nani,PRT,WAM,2021,Venezia,283,0.0797658,,0.3690447,1,0.2582956,0.0621515,0.1961441,5,12,0.4167,46.1631
Fernando Forestieri,ITA,FW,2021,Udinese,53,1.1131727,2,0.3265817,1,0.0317559,0.0247261,0.0070298,1,1,1.0000,40.2408
Marko Arnautovic,AUT,FW,2021,Bologna,2703,14.9463184,14,2.3508342,1,0.6504689,0.0425985,0.6078704,37,59,0.6271,48.147
Felipe Caicedo,ECU,FW,2021,Genoa,278,1.2327335,1,0.4576177,2,-0.0842216,-0.0174204,-0.0668012,1,5,0.2000,54.7942
Edin Dzeko,BIH,FW,2021,Internazionale,2475,14.6271539,13,3.4209883,5,1.6762553,1.026771,0.6494843,17,41,0.4146,53.5641
Olivier Giroud,FRA,FW,2021,Milan,1902,10.1596838,11,1.8446551,3,-0.6872281,-0.3887247,-0.2985034,4,8,0.5000,79.2715
Antonio Candreva,ITA,WAM,2021,Sampdoria,3131,6.0052318,7,8.5679158,10,4.6339072,3.4989704,1.1349368,21,51,0.4118,38.0341
Milan Djuric,BIH,FW,2021,Salernitana,2173,5.7899022,5,3.4561296,3,0.429332,0.6498646,-0.2205326,8,16,0.5000,83.8014
Pedro,ESP,WAM,2021,Lazio,2042,3.6442885,9,3.1340335,5,2.2678672,1.0466605,1.2212067,31,57,0.5439,36.1256
Nikola Kalinic,HRV,FW,2021,Verona,399,3.0495753,4,0.5439559,1,0.0481028,-0.1049937,0.1530965,2,4,0.5000,33.3015
Francesco Caputo,ITA,FW,2021,Sampdoria,2799,10.5546472,11,3.0705757,4,0.6032458,-0.4359484,1.0391942,13,27,0.4815,54.1462
Francesco Caputo,ITA,FW,2021,Sassuolo,157,0.7194605,,0.7513266,1,0.1561109,-0.0526082,0.2087191,,1,,55.2705
José Callejón,ESP,WAM,2021,Fiorentina,1300,1.607141,1,3.422044,2,1.1284888,0.9491317,0.1793571,7,13,0.5385,44.8441
Dries Mertens,BEL,FW,2021,Napoli,1386,5.1459643,11,2.5564743,1,1.7281554,0.8990701,0.8290853,17,29,0.5862,31.8756
Diego Farias,BRA,FW,2021,Cagliari,62,0.0357027,,0.0076189,,-0.0360418,-0.0469515,0.0109097,1,1,1.0000,43.5198
Josip Ilicic,SVN,FW,2021,Atalanta,836,2.8806207,3,3.0782969,4,2.0086137,1.193676,0.8149377,27,40,0.6750,22.4624
Aleksandr Kokorin,RUS,FW,2021,Fiorentina,50,0.0,,0.0119431,,-0.0236085,-0.021288,-0.0023205,,,,54.9856
Riccardo Saponara,ITA,WAM,2021,Fiorentina,1286,2.3975804,3,2.7419006,3,2.1804203,0.8172005,1.3632198,20,53,0.3774,53.8244
Stephan El Shaarawy,ITA,WAM,2021,Roma,1046,2.7884041,3,2.5860031,,1.5712087,1.3990828,0.1721259,20,39,0.5128,54.1559
Ciro Immobile,ITA,FW,2021,Lazio,2716,22.2525393,27,3.0179326,2,1.5193008,-0.166922,1.6862228,19,40,0.4750,42.9136
Mattia Destro,ITA,FW,2021,Genoa,1753,7.6784571,9,0.4603556,1,0.3887835,-0.0528667,0.4416502,11,26,0.4231,32.7187
Simone Zaza,ITA,FW,2021,Torino,118,1.0256555,,0.0867376,,0.0902258,-0.0878144,0.1780402,2,3,0.6667,54.371
Manolo Gabbiadini,ITA,FW,2021,Sampdoria,1147,4.5598259,6,1.6368975,2,0.7119254,0.3186843,0.3932411,4,10,0.4000,38.0003
Leonardo Pavoletti,ITA,FW,2021,Cagliari,1506,6.1709772,5,0.9282091,1,-0.0373164,-0.4262626,0.3889462,6,10,0.6000,62.2731
Ilija Nestorovski,MKD,FW,2021,Udinese,183,0.8639876,1,0.2133149,1,0.2757198,0.170018,0.1057018,,1,,34.4211
Lorenzo Insigne,ITA,WAM,2021,Napoli,2309,15.8766749,11,5.5750649,9,4.0787735,2.2244175,1.854356,41,80,0.5125,45.7673
Diego Falcinelli,ITA,FW,2021,Bologna,61,0.2882033,,0.0566444,,0.0611315,-0.0083138,0.0694453,2,4,0.5000,50.7938
Federico Santander,PRY,FW,2021,Bologna,61,0.362453,1,0.1240548,,0.0797966,0.0876646,-0.007868,,2,,61.0795
Andrea La Mantia,ITA,FW,2021,Empoli,477,1.3432593,2,0.1763766,1,0.0838312,-0.1041109,0.1879421,,,,76.7799
Nicola Sansone,ITA,WAM,2021,Bologna,880,2.8705657,2,1.7850639,3,0.396584,0.1877034,0.2088806,14,34,0.4118,29.1646
Luis Muriel,COL,FW,2021,Atalanta,1540,6.5925411,9,6.1801694,8,3.5258071,2.2955768,1.2302303,62,104,0.5962,52.9139
JP Galvão,ITA,FW,2021,Cagliari,3325,12.581729,13,2.9931315,4,1.360155,0.6108559,0.7492991,34,72,0.4722,49.9116
Álvaro Morata,ESP,FW,2021,Juventus,2312,8.9241677,9,3.4981616,7,1.90345,1.0600021,0.8434479,23,47,0.4894,51.1449
Gerard Deulofeu,ESP,FW,2021,Udinese,2626,8.3929995,13,7.2860885,5,7.0267459,3.8919673,3.1347786,50,117,0.4274,22.1239
Grégoire Defrel,FRA,FW,2021,Sassuolo,1345,4.0578936,2,1.4844222,2,0.3028435,-0.0653729,0.3682164,20,37,0.5405,37.221
Ante Rebic,HRV,FW,2021,Milan,875,2.4637524,2,3.2960525,2,1.9985878,1.6496063,0.3489815,16,38,0.4211,52.2709
Felipe Anderson,BRA,WAM,2021,Lazio,2899,5.8676342,6,5.7438101,8,3.7095123,2.201891,1.5076213,58,108,0.5370,30.4114
Duván Zapata,COL,FW,2021,Atalanta,1732,15.0075246,10,4.6135367,4,1.7255942,0.5512563,1.1743379,28,61,0.4590,69.5953
Ernesto Torregrossa,VEN,FW,2021,Sampdoria,107,0.0,,0.1395932,,0.0094631,-0.0033025,0.0127656,,4,,56.0291
Andrea Belotti,ITA,FW,2021,Torino,1377,7.644908,8,0.6825019,1,0.0617891,-0.2844966,0.3462857,15,25,0.6000,58.598
Joaquín Correa,ARG,FW,2021,Internazionale,1024,5.7250145,6,1.7175978,1,1.5894181,0.526686,1.0627321,17,40,0.4250,43.7765
Domenico Berardi,ITA,WAM,2021,Sassuolo,2835,12.5212483,15,8.5946415,14,4.3950785,3.0541386,1.3409399,30,68,0.4412,44.3449
Paulo Dybala,ARG,FW,2021,Juventus,2072,8.1260417,10,4.4156602,5,1.9653445,0.740577,1.2247675,47,79,0.5949,34.7566
Jérémie Boga,CIV,WAM,2021,Sassuolo,671,0.994162,,0.6736154,2,0.842608,0.1505527,0.6920553,28,48,0.5833,31.27
Federico Bernardeschi,ITA,WAM,2021,Juventus,1480,1.5434304,1,2.0743099,2,1.6157646,1.0657706,0.549994,32,61,0.5246,45.0236
Andrea Petagna,ITA,FW,2021,Napoli,573,1.7106659,3,1.0488006,1,0.2836594,0.2698335,0.0138259,9,14,0.6429,59.1773
Francesco Forte,ITA,FW,2021,Venezia,398,1.2375341,1,0.1421938,,0.0023083,0.0156835,-0.0133752,1,1,1.0000,67.117
Caleb Ekuban,GHA,FW,2021,Genoa,1717,4.123779,1,1.8549493,2,1.0301502,0.6691374,0.3610128,26,52,0.5000,65.3598
Francesco Di Mariano,ITA,WAM,2021,Venezia,63,,,0.0271721,,-0.0300414,-0.0397061,0.0096647,,2,,
Gastón Pereiro,URY,FW,2021,Cagliari,963,1.673623,4,2.108667,2,0.9740454,0.4650672,0.5089782,10,19,0.5263,40.0028
Leonardo Mancuso,ITA,FW,2021,Empoli,428,1.6957346,1,0.2960817,,0.0920262,0.0406457,0.0513805,,,,39.2338
Matteo Politano,ITA,WAM,2021,Napoli,1657,2.8612414,3,3.2619804,4,1.7436337,0.4694401,1.2741936,21,47,0.4468,41.0476
Daniele Verde,ITA,WAM,2021,Spezia,1957,5.6900242,8,3.8549037,6,2.0373416,1.4213278,0.6160138,15,38,0.3947,
Vedat Muriqi,XKX,FW,2021,Lazio,208,0.7390575,,0.0730405,,-0.0129369,-0.0243152,0.0113783,3,5,0.6000,61.4359
Keita Baldé,SEN,FW,2021,Cagliari,1233,3.4302904,3,1.1185714,1,0.6665753,0.4619117,0.2046636,6,18,0.3333,39.6546
Mattia Zaccagni,ITA,WAM,2021,Verona,180,1.3274438,2,1.1580091,,0.0974058,0.0288716,0.0685342,7,11,0.6364,46.9909
Mattia Zaccagni,ITA,WAM,2021,Lazio,1879,4.2531334,4,2.528193,5,2.0983008,0.8254816,1.2728192,45,87,0.5172,36.0968
Federico Di Francesco,ITA,WAM,2021,Empoli,1376,2.6616355,5,1.1322045,,0.7523732,0.3921701,0.3602031,13,35,0.3714,37.144
Emmanuel Gyasi,GHA,WAM,2021,Spezia,3044,6.2976988,6,1.7867128,,0.4675717,0.0766245,0.3909472,33,55,0.6000,40.5285
Federico Bonazzoli,ITA,FW,2021,Salernitana,1866,8.2173129,10,1.0978827,,0.1710499,-0.0591819,0.2302318,15,30,0.5000,44.3987
Simy,NGA,FW,2021,Salernitana,841,2.6814448,1,0.2602886,1,0.1390006,-0.1231112,0.2621118,7,10,0.7000,46.8151
Giovanni Simeone,ARG,FW,2021,Cagliari,6,0.0,,0.0002068,,-0.0005155,-0.0003114,-0.0002041,,,,
Giovanni Simeone,ARG,FW,2021,Verona,2667,11.4470977,17,2.1684607,5,1.221138,0.6169085,0.6042295,23,61,0.3770,33.7944
Ignacio Pussetto,ARG,FW,2021,Udinese,1198,4.831019,4,1.5114407,4,0.470091,0.0842756,0.3858154,25,56,0.4464,54.3873
Antonio Sanabria,PRY,FW,2021,Torino,1814,8.9595606,6,1.4612513,2,-0.0342975,-0.4527062,0.4184087,13,20,0.6500,48.1121
Isaac Success,NGA,FW,2021,Udinese,910,2.8649269,2,2.8186346,7,0.8190311,0.3173224,0.5017087,19,29,0.6552,38.5526
Tammy Abraham,ENG,FW,2021,Roma,3097,19.8643817,17,3.0067691,4,1.7887979,0.5590766,1.2297213,38,77,0.4935,62.3106
Hirving Lozano,MEX,WAM,2021,Napoli,1621,5.5959674,5,2.9713227,5,1.949268,0.8123486,1.1369194,29,44,0.6591,40.891
Carles Pérez,ESP,WAM,2021,Roma,542,1.4542637,1,1.061264,1,0.7755605,0.2590976,0.5164629,11,20,0.5500,36.0932
Krzysztof Piatek,POL,FW,2021,Fiorentina,735,4.0466607,3,0.9184099,,-0.1735501,-0.107912,-0.0656381,3,6,0.5000,53.7496
Kevin Lasagna,ITA,FW,2021,Verona,1171,4.0366977,2,1.2516837,4,0.9686328,0.5008968,0.467736,10,19,0.5263,46.1567
Samu Castillejo,ESP,WAM,2021,Milan,125,0.0952607,,0.2417976,,0.0758694,0.0422769,0.0335925,,2,,42.5802
Rey Manaj,ALB,FW,2021,Spezia,1768,6.9657045,5,0.851151,,0.6900361,-0.0760892,0.7661253,22,49,0.4490,45.3118
Gianluca Scamacca,ITA,FW,2021,Sassuolo,2154,11.7085317,16,1.460968,,1.0033501,0.2173506,0.7859995,21,30,0.7000,69.5235
Borja Mayoral,ESP,FW,2021,Roma,94,0.1620176,,0.0407777,,-0.0789396,-0.0588728,-0.0200668,1,4,0.2500,
Jonathan Ikoné,FRA,WAM,2021,Fiorentina,643,1.5705396,1,1.2730698,1,0.5306608,0.093672,0.4369888,13,23,0.5652,38.4373
Samuel Mráz,SVK,FW,2021,Spezia,52,0.0134147,,0.028014,,-0.0009178,0.0041263,-0.0050441,,,,51.7995
Andrea Favilli,ITA,FW,2021,Genoa,36,0.0,,0.0002911,,-0.01443,-0.0082232,-0.0062068,,,,
Eldor Shomurodov,UZB,FW,2021,Roma,765,4.315381,3,1.4042312,4,0.7076282,0.3826132,0.325015,3,12,0.2500,41.6603
Pietro Pellegri,ITA,FW,2021,Milan,130,0.2314355,,0.2000251,,-0.0178267,0.0401238,-0.0579505,1,4,0.2500,34.6778
Flavio Bianchi,ITA,FW,2021,Genoa,317,0.6903331,1,0.0396846,,-0.1934353,-0.0781774,-0.1152579,3,3,1.0000,55.3843
Patrick Cutrone,ITA,FW,2021,Empoli,1402,4.0978361,3,0.9320581,,0.6766094,0.3739918,0.3026176,9,18,0.5000,29.8732
Lautaro Martínez,ARG,FW,2021,Internazionale,2301,22.2526819,21,1.9438491,3,0.0817288,-0.2382107,0.3199395,21,54,0.3889,58.4155
Sam Lammers,NLD,FW,2021,Atalanta,37,,,0.0233529,,0.053379,0.0356116,0.0177674,,2,,45.6835
Cedric Gondo,CIV,FW,2021,Salernitana,704,1.3640471,1,0.6303979,,-0.1570466,-0.2171498,0.0601032,11,20,0.5500,53.908
Andrea Pinamonti,ITA,FW,2021,Empoli,2870,13.0432067,13,1.5896031,2,0.7275161,0.1930989,0.5344172,17,40,0.4250,40.4221
Rafael Leão,PRT,WAM,2021,Milan,2618,9.878031,11,5.9093144,8,5.0504279,2.5544935,2.4959344,98,163,0.6012,59.3536
Adam Ounas,DZA,WAM,2021,Napoli,312,0.6408128,,0.9050461,,0.5913358,0.411296,0.1800398,24,28,0.8571,37.8392
Victor Osimhen,NGA,FW,2021,Napoli,1989,12.7673432,14,1.3224089,2,0.3854354,-0.2996796,0.685115,30,54,0.5556,71.5714
Josip Brekalo,HRV,WAM,2021,Torino,2296,4.7063876,7,4.9409491,2,1.4906236,0.5126407,0.9779829,40,70,0.5714,45.259
M'Bala Nzola,AGO,FW,2021,Spezia,1060,2.5699969,2,1.1439417,1,0.5335066,0.0722831,0.4612235,16,27,0.5926,42.9063
Thomas Henry,FRA,FW,2021,Venezia,2122,7.3236167,9,2.5137667,3,0.7325259,0.615644,0.1168819,12,38,0.3158,68.4327
David Okereke,NGA,FW,2021,Venezia,2062,5.3194854,7,1.4482574,,0.6880947,0.0838045,0.6042902,26,50,0.5200,39.7189
Federico Chiesa,ITA,WAM,2021,Juventus,867,2.9733372,2,1.1753423,2,1.1256834,0.5095188,0.6161646,21,41,0.5122,23.5803
Riccardo Orsolini,ITA,WAM,2021,Bologna,1793,5.6925106,6,1.4839762,3,1.3932312,0.9163216,0.4769096,26,58,0.4483,51.0446
Julian Kristoffersen,NOR,FW,2021,Salernitana,6,0.0299242,,0.002311,,0.007211,0.007211,0.0,,,,65.3318
Dusan Vlahovic,SRB,FW,2021,Fiorentina,1861,12.0517455,17,2.7496184,2,0.6605506,0.2921951,0.3683555,20,37,0.5405,68.7435
Eljif Elmas,MKD,WAM,2021,Napoli,1598,3.3044169,3,1.8919488,5,1.2738798,0.2111624,1.0627174,24,35,0.6857,31.019
Roberto Piccoli,ITA,FW,2021,Atalanta,185,1.3358833,1,0.0833561,,0.0498365,-0.0669849,0.1168214,1,3,0.3333,41.8422
Edoardo Vergani,ITA,FW,2021,Salernitana,98,0.0,,0.1010532,,0.0013861,-0.0119092,0.0132953,,1,,48.1169
Nicolás González,ARG,WAM,2021,Fiorentina,2358,8.9154862,7,5.4194263,6,3.3861823,1.9431022,1.4430801,57,115,0.4957,76.8524
Riccardo Sottil,ITA,WAM,2021,Fiorentina,1243,2.5815354,3,2.054826,2,1.2626975,0.2837658,0.9789317,26,52,0.5000,44.1476
Moise Kean,ITA,FW,2021,Juventus,1089,5.2643145,5,0.1482216,1,-0.155806,-0.4899967,0.3341907,18,44,0.4091,60.484
Emanuel Vignato,ITA,WAM,2021,Bologna,578,0.4336847,,1.0955553,1,0.9032862,0.6494749,0.2538113,12,14,0.8571,47.6774
Damir Ceter,COL,FW,2021,Cagliari,5,0.0,,0.0000932,,-0.0102166,-0.0102166,0.0,,,,
Nicolò Zaniolo,ITA,WAM,2021,Roma,1984,6.3337032,2,2.0627709,2,2.0398116,0.5760595,1.4637521,56,114,0.4912,46.8274
Dennis Johnsen,NOR,FW,2021,Venezia,1464,1.7160948,1,2.0370608,2,1.2017002,0.7300799,0.4716203,20,66,0.3030,36.439
Arnór Sigurdsson,ISL,WAM,2021,Venezia,174,0.1469737,,0.069834,,0.0436019,0.0287723,0.0148296,3,6,0.5000,39.5644
Magnus Warming,DNK,FW,2021,Torino,53,0.0,,0.0466772,,0.0659572,0.0571537,0.0088035,,1,,51.6604
Hamed Traorè,CIV,WAM,2021,Sassuolo,1777,6.5109775,7,3.0372432,2,3.559176,1.5768966,1.9822794,61,104,0.5865,40.7181
Andreas Skov Olsen,DNK,WAM,2021,Bologna,742,1.161256,,0.6743635,2,0.6687142,0.2380176,0.4306966,5,15,0.3333,44.3896
Junior Messias,BRA,WAM,2021,Milan,1429,4.2241692,5,2.0620284,2,1.9344144,1.0742143,0.8602001,30,63,0.4762,50.5819
Alexis Saelemaekers,BEL,WAM,2021,Milan,1866,2.8031047,1,3.583672,3,1.8139481,1.0237302,0.7902179,52,92,0.5652,35.9985
Manolo Portanova,ITA,WAM,2021,Genoa,1330,3.4153592,1,0.53381,,0.3582568,0.0321033,0.3261535,25,46,0.5435,51.2979
Luca Gagliano,ITA,FW,2021,Cagliari,11,0.0,,0.001666,,-0.0017239,-0.0016674,-0.0000565,,1,,44.6584
Mikkel Damsgaard,DNK,WAM,2021,Sampdoria,576,0.526943,,0.746007,,0.3233535,0.2484928,0.0748607,16,25,0.6400,56.8446
Musa Barrow,GMB,WAM,2021,Bologna,2146,6.0655797,6,3.8060763,6,2.1657246,1.2367305,0.9289941,31,63,0.4921,24.0194
Dejan Kulusevski,SWE,WAM,2021,Juventus,758,2.8328464,1,1.4959868,3,1.0944707,0.6229594,0.4715113,18,32,0.5625,36.9983
Giacomo Raspadori,ITA,FW,2021,Sassuolo,2752,8.289107,10,3.868618,5,1.2973075,0.2258199,1.0714876,35,60,0.5833,35.9326
Kelvin Yeboah,ITA,FW,2021,Genoa,848,1.4558124,,1.030922,1,0.8405359,0.585551,0.2549849,13,36,0.3611,51.3804
David Strelec,SVK,FW,2021,Spezia,506,0.447376,1,0.4752231,,0.1938879,-0.0477922,0.2416801,4,10,0.4000,52.4151
Sydney van Hooijdonk,NLD,FW,2021,Bologna,35,0.0,,0.015241,,-0.017158,-0.0040341,-0.0131239,1,1,1.0000,52.7911
Raúl Moro,ESP,WAM,2021,Lazio,190,0.2511299,,0.1692216,1,0.1289735,0.0174194,0.1115541,3,10,0.3000,
Matteo Cancellieri,ITA,WAM,2021,Verona,218,0.2366454,1,0.174172,,0.1623864,0.0753415,0.0870449,6,12,0.5000,34.484
Kaio Jorge,BRA,FW,2021,Juventus,114,0.4109552,,0.1945502,,-0.0124312,-0.022611,0.0101798,1,1,1.0000,39.8665
Ebrima Colley,GMB,WAM,2021,Spezia,390,0.7742793,,1.1810626,,0.6393247,0.4089342,0.2303905,12,18,0.6667,27.1029
Issa Bah,GIN,WAM,2021,Venezia,9,0.0,,0.0008337,,0.00786,0.0027489,0.0051111,,,,50.0
Martín Satriano,URY,FW,2021,Internazionale,34,0.0,,0.0469681,,-0.0279857,-0.0002393,-0.0277464,,,,51.9957
Aleksander Buksa,POL,FW,2021,Genoa,62,0.0,,0.0231909,,0.0137524,0.0138824,-0.00013,,,,54.927
Marley Aké,FRA,WAM,2021,Juventus,72,0.0,,0.0144563,,0.0269737,0.0029746,0.0239991,,2,,44.5417
Beto,PRT,FW,2021,Udinese,2176,12.047921,11,1.2349782,,0.5539825,-0.0812307,0.6352132,40,74,0.5405,34.6155
Daniel Maldini,ITA,WAM,2021,Milan,144,0.4499046,1,0.1527487,,0.0068836,-0.0589266,0.0658102,2,3,0.6667,50.1384
Brian Oddei,ITA,WAM,2021,Sassuolo,7,0.0878296,,0.0030762,,0.0074236,-0.0077586,0.0151822,1,1,1.0000,
Janis Antiste,FRA,FW,2021,Spezia,796,1.9752287,1,0.5381174,,0.3710021,-0.0056972,0.3766993,8,21,0.3810,44.7166
Luka Romero,ARG,WAM,2021,Lazio,77,0.0193428,,0.0677995,,-0.0310947,-0.0278556,-0.0032391,2,3,0.6667,50.0
Matías Soulé,ARG,WAM,2021,Juventus,4,0.0908611,,0.0036486,,0.016898,0.00835,0.008548,,,,
Riccardo Ciervo,ITA,WAM,2021,Sampdoria,219,0.0762621,,0.3280027,,0.1284851,0.0169869,0.1114982,2,4,0.5000,48.5435
Luigi Samele,ITA,FW,2021,Sassuolo,3,0.0,,0.1977163,1,0.0595172,-0.0532121,0.1127293,,,,
Suf Podgoreanu,ISR,WAM,2021,Spezia,109,0.0240455,,0.0660956,1,0.0623753,-0.0101479,0.0725232,3,6,0.5000,50.0
Antonio Raimondo,ITA,FW,2021,Bologna,75,0.1258959,,0.0067342,,-0.0406457,-0.0575765,0.0169308,,4,,45.3397
Felix Afena-Gyan,GHA,FW,2021,Roma,664,1.7844326,2,0.2245887,,0.3972424,-0.0430746,0.440317,5,20,0.2500,59.2724
Filippo Distefano,ITA,FW,2021,Fiorentina,1,0.0,,0.0000962,,-0.0049964,-0.0049964,0.0,,1,,
Riccardo Pinzi,ITA,FW,2021,Udinese,1,0.0,,0.0,,0.0,0.0,0.0,,,,
Zlatan Ibrahimovic,SWE,FW,2020,Milan,1498,16.0129485,15,2.7234642,2,2.1806597,1.2406152,0.9400445,11,22,0.5000,78.7146
Fabio Quagliarella,ITA,FW,2020,Sampdoria,2213,10.9089253,13,1.0541543,1,0.8573817,0.5086952,0.3486865,17,28,0.6071,50.0582
Cristiano Ronaldo,PRT,FW,2020,Juventus,2803,28.9382822,29,3.4194466,3,3.8080128,0.9245084,2.8835044,58,95,0.6105,72.2825
Goran Pandev,MKD,FW,2020,Genoa,1404,4.2501402,7,1.0284818,3,1.0272255,0.5930236,0.4342019,15,30,0.5000,42.1283
Graziano Pellè,ITA,FW,2020,Parma,610,1.633893,1,1.0492638,2,0.3085902,0.2873986,0.0211916,1,3,0.3333,69.934
Fernando Llorente,ESP,FW,2020,Udinese,715,1.4327726,1,0.4483763,,-0.3521978,-0.3853927,0.0331949,3,4,0.7500,74.8188
Fernando Llorente,ESP,FW,2020,Napoli,49,0.1344351,,0.2573733,,0.2246552,0.1991498,0.0255054,,1,,70.7302
Stefano Okaka,ITA,FW,2020,Udinese,1492,4.2706376,4,0.8071822,1,0.3073625,-0.1927478,0.5001103,17,27,0.6296,54.5864
Rodrigo Palacio,ARG,FW,2020,Bologna,2504,8.1358494,5,3.878944,5,2.7755771,1.1931316,1.5824455,35,69,0.5072,43.4752
Franck Ribéry,FRA,FW,2020,Fiorentina,2170,2.7266188,2,4.5881921,6,3.1978408,1.6756171,1.5222237,64,109,0.5872,30.3153
Samuel Di Carmine,ITA,FW,2020,Verona,501,2.0313961,,0.0896435,,0.2452601,-0.1543308,0.3995909,2,3,0.6667,66.3351
Samuel Di Carmine,ITA,FW,2020,Crotone,475,0.55754,,0.0952212,,-0.1489531,-0.0856754,-0.0632777,,2,,63.9512
Alexis Sánchez,CHL,FW,2020,Internazionale,1137,7.0862453,7,4.2575554,5,1.32135,1.1861897,0.1351603,24,36,0.6667,47.7162
Fernando Forestieri,ITA,FW,2020,Udinese,539,1.4778394,1,0.7799002,1,0.2297154,0.1396199,0.0900955,10,20,0.5000,40.2408
Marco Sau,ITA,FW,2020,Benevento,778,2.1292384,4,1.2278463,2,-0.2708773,-0.1235831,-0.1472942,11,18,0.6111,27.6553
Felipe Caicedo,ECU,FW,2020,Lazio,922,5.0127971,8,0.5432824,,0.1658785,-0.1432387,0.3091172,9,19,0.4737,62.4151
Edin Dzeko,BIH,FW,2020,Roma,1825,13.2640768,7,2.1887624,3,1.200302,0.6690181,0.5312839,27,55,0.4909,70.6724
Gervinho,CIV,WAM,2020,Parma,2030,4.1258586,5,2.4008658,1,2.4173102,0.9530682,1.464242,56,98,0.5714,37.6968
Antonio Candreva,ITA,WAM,2020,Sampdoria,2511,4.8482491,5,5.8698704,8,4.0893325,2.9606731,1.1286594,29,51,0.5686,42.8142
Mario Mandzukic,HRV,FW,2020,Milan,204,0.800235,,0.0860557,,0.1271581,0.1258855,0.0012726,,,,51.284
Pedro,ESP,WAM,2020,Roma,1598,4.8560663,5,2.4756066,2,2.0913346,1.3027064,0.7886282,29,44,0.6591,36.2684
Luca Siligardi,ITA,WAM,2020,Parma,33,,,0.1934954,,0.0237875,-0.0185657,0.0423532,,,,
Luca Siligardi,ITA,WAM,2020,Crotone,44,0.0770594,,0.062896,,0.0333088,0.0268807,0.0064281,2,2,1.0000,
Nikola Kalinic,HRV,FW,2020,Verona,1071,3.8201756,2,0.4718695,,0.0461188,-0.2921594,0.3382782,5,9,0.5556,31.6354
Francesco Caputo,ITA,FW,2020,Sassuolo,1701,10.3393842,11,2.0445382,5,0.3973511,-0.3846874,0.7820385,6,14,0.4286,50.5181
Emmanuel Rivière,MTQ,FW,2020,Crotone,632,1.2332021,1,0.3980627,1,0.3509695,-0.0075021,0.3584716,5,9,0.5556,55.2873
José Callejón,ESP,WAM,2020,Fiorentina,655,0.3481884,,1.35227,1,0.2031875,0.1858081,0.0173794,6,9,0.6667,38.1423
Iago Falque,ESP,WAM,2020,Benevento,354,0.4503529,1,1.6251635,1,0.7953782,0.6233465,0.1720317,7,17,0.4118,23.5184
Dries Mertens,BEL,FW,2020,Napoli,1463,5.4179824,9,3.2112173,8,0.9232314,0.6390579,0.2841735,11,22,0.5000,29.682
Diego Farias,BRA,FW,2020,Spezia,1516,2.9247717,4,3.174688,2,2.0621189,0.9965357,1.0655832,18,26,0.6923,41.7457
Josip Ilicic,SVN,FW,2020,Atalanta,1530,5.7208125,6,7.9264696,9,5.2528461,3.7970084,1.4558377,57,100,0.5700,24.9645
Aleksandr Kokorin,RUS,FW,2020,Fiorentina,91,0.0,,0.0072053,,-0.0206669,-0.0372805,0.0166136,,,,50.0
Riccardo Saponara,ITA,WAM,2020,Fiorentina,50,0.0,,0.0570345,,-0.0169949,-0.0289078,0.0119129,1,1,1.0000,57.4
Riccardo Saponara,ITA,WAM,2020,Spezia,391,0.9941445,2,0.5511441,,0.8032594,0.5682548,0.2350046,9,14,0.6429,60.9999
Douglas Costa,BRA,WAM,2020,Juventus,40,,,0.0475545,,0.0345892,0.0156548,0.0189344,,,,
Stephan El Shaarawy,ITA,WAM,2020,Roma,572,1.3657987,1,1.39328,1,0.5567865,0.4219608,0.1348257,9,20,0.4500,52.8788
Ciro Immobile,ITA,FW,2020,Lazio,2866,19.6399473,20,4.29082,6,2.5083135,1.2324971,1.2758164,27,47,0.5745,42.2334
Mattia Destro,ITA,FW,2020,Genoa,1615,6.6054259,11,0.4669637,1,1.0032924,0.0936636,0.9096288,24,52,0.4615,39.3767
Simone Zaza,ITA,FW,2020,Torino,1483,7.7693013,6,0.9121206,,-0.2855931,-0.2734492,-0.0121439,7,18,0.3889,52.0366
Manolo Gabbiadini,ITA,FW,2020,Sampdoria,876,2.5662179,3,1.263187,2,0.6369138,0.4262694,0.2106444,3,7,0.4286,41.0378
Romelu Lukaku,BEL,FW,2020,Internazionale,2886,24.8041108,24,6.3402472,11,3.02222,0.9220807,2.1001393,53,93,0.5699,62.5985
Leonardo Pavoletti,ITA,FW,2020,Cagliari,1578,6.2987628,4,0.8231701,3,-0.5977207,-0.5886281,-0.0090926,3,6,0.5000,68.4126
Ilija Nestorovski,MKD,FW,2020,Udinese,689,4.3591955,2,1.2559175,1,0.2170375,0.1597646,0.0572729,3,4,0.7500,46.979
Andrej Galabinov,BGR,FW,2020,Spezia,424,2.8538605,3,0.2711367,1,-0.1782997,-0.109503,-0.0687967,2,2,1.0000,47.3304
Lorenzo Insigne,ITA,WAM,2020,Napoli,2871,17.3788527,19,7.985918,7,5.721526,3.5404101,2.1811159,65,105,0.6190,42.7684
Federico Santander,PRY,FW,2020,Bologna,35,0.1633733,,0.372747,1,0.0695675,0.0649662,0.0046013,,,,67.1721
Gianluca Lapadula,PER,FW,2020,Benevento,2574,10.6473259,8,2.1634476,2,0.4396768,-0.4515374,0.8912142,16,22,0.7273,35.7373
Nicola Sansone,ITA,WAM,2020,Bologna,1165,3.5903283,2,1.8256027,2,1.3827,0.6902365,0.6924635,34,60,0.5667,24.7331
Roberto Inglese,ITA,FW,2020,Parma,572,0.740504,,0.7382916,2,0.151812,0.087422,0.06439,8,15,0.5333,53.7982
Luis Muriel,COL,FW,2020,Atalanta,1433,16.1308108,22,4.4265641,9,3.1899813,1.6027534,1.5872279,53,90,0.5889,46.0632
JP Galvão,ITA,FW,2020,Cagliari,3262,12.4467289,16,3.9627772,3,1.5000809,1.2671943,0.2328866,39,80,0.4875,42.1217
Álvaro Morata,ESP,FW,2020,Juventus,2017,10.8720143,11,3.1861302,9,1.6041346,0.6318368,0.9722978,23,41,0.5610,60.2071
Gerard Deulofeu,ESP,FW,2020,Udinese,598,1.4248423,1,1.3473295,1,1.2956494,0.2181072,1.0775422,9,21,0.4286,25.2124
Grégoire Defrel,FRA,FW,2020,Sassuolo,1331,2.1834048,3,1.3217972,3,-0.0157624,-0.1779651,0.1622027,14,26,0.5385,35.3885
Ante Rebic,HRV,FW,2020,Milan,1780,6.5570371,11,4.8839988,4,2.4302422,1.5499613,0.8802809,20,41,0.4878,51.8583
Duván Zapata,COL,FW,2020,Atalanta,2396,17.0777458,15,5.4241808,9,2.2791985,0.6089848,1.6702137,34,85,0.4000,54.0016
Ernesto Torregrossa,VEN,FW,2020,Sampdoria,166,0.8000734,1,0.1339424,,-0.0000186,0.0283663,-0.0283849,3,5,0.6000,50.4182
Andrea Belotti,ITA,FW,2020,Torino,2894,13.1947604,13,5.3961934,6,1.8846262,1.8922656,-0.0076394,47,81,0.5802,53.8742
Federico Ricci,ITA,WAM,2020,Sassuolo,3,0.0,,0.0004167,,-0.0128292,-0.011396,-0.0014332,1,1,1.0000,
Andreas Cornelius,DNK,FW,2020,Parma,1902,2.576833,1,2.0197152,4,-0.3049755,0.0062405,-0.311216,11,19,0.5789,82.6239
Joaquín Correa,ARG,FW,2020,Lazio,1944,6.8548483,8,2.5844608,3,2.5508162,0.7100484,1.8407678,35,84,0.4167,41.0107
Domenico Berardi,ITA,WAM,2020,Sassuolo,2485,16.056948,17,5.7486806,7,4.4887943,2.7932499,1.6955444,30,63,0.4762,40.001
Paulo Dybala,ARG,FW,2020,Juventus,1135,5.3792119,4,2.8636099,3,1.4976937,0.8702294,0.6274643,27,47,0.5745,31.5338
Ryder Matos,BRA,FW,2020,Udinese,12,0.0,,0.0635991,,0.0127927,0.0052589,0.0075338,1,1,1.0000,37.5224
Kiril Despodov,BGR,FW,2020,Cagliari,10,,,0.0,,,,,,,,46.0591
Jérémie Boga,CIV,WAM,2020,Sassuolo,1790,3.4609571,4,1.4341368,2,1.5475574,0.0917538,1.4558036,87,153,0.5686,33.4593
Federico Bernardeschi,ITA,WAM,2020,Juventus,961,1.341449,,2.1348615,2,1.2458383,0.8491654,0.3966729,22,32,0.6875,57.1744
Andrea Petagna,ITA,FW,2020,Napoli,955,4.6348165,4,1.9626196,3,0.1330703,-0.1969579,0.3300282,7,12,0.5833,71.6751
Roberto Insigne,ITA,WAM,2020,Benevento,1605,4.1212543,2,2.9568828,4,1.2428721,0.7307829,0.5120892,19,29,0.6552,43.5209
Mattia Sprocati,ITA,WAM,2020,Parma,21,0.0,,0.0085368,,-0.0020815,-0.0020815,0.0,,,,
Gastón Pereiro,URY,FW,2020,Cagliari,263,2.1941229,2,1.2834536,2,0.5748528,0.4477974,0.1270554,3,7,0.4286,48.0706
Matteo Politano,ITA,WAM,2020,Napoli,1909,6.023403,9,3.2215646,4,2.4081733,0.8315349,1.5766384,37,60,0.6167,31.5433
Daniele Verde,ITA,WAM,2020,Spezia,980,2.9479455,6,2.7356015,1,1.1731657,0.7262218,0.4469439,7,17,0.4118,
Vedat Muriqi,XKX,FW,2020,Lazio,817,3.2281634,1,0.5743141,,0.1919207,-0.0507846,0.2427053,2,7,0.2857,66.7935
Alberto Cerri,ITA,FW,2020,Cagliari,356,2.7331293,1,1.1608424,,0.4131845,0.3856445,0.02754,8,13,0.6154,70.9686
Keita Baldé,SEN,FW,2020,Sampdoria,1194,6.294085,7,1.5579896,1,0.7897817,-0.0377545,0.8275362,16,26,0.6154,45.0849
Mattia Zaccagni,ITA,WAM,2020,Verona,2630,3.6233298,5,3.5083145,5,3.1269851,1.9444968,1.1824883,61,104,0.5865,45.1054
Vittorio Parigini,ITA,WAM,2020,Genoa,52,0.0143772,,0.1963285,,-0.0002578,-0.0204942,0.0202364,1,2,0.5000,52.3177
Emmanuel Gyasi,GHA,WAM,2020,Spezia,2857,5.1564371,4,3.1100413,6,0.9436526,0.1431182,0.8005344,41,69,0.5942,44.6796
Federico Bonazzoli,ITA,FW,2020,Torino,552,1.20312,2,0.7437481,2,0.1537518,0.0816793,0.0720725,8,15,0.5333,35.7944
Federico Bonazzoli,ITA,FW,2020,Sampdoria,133,0.1815035,,0.6098827,1,0.3278301,0.2804273,0.0474028,2,2,1.0000,40.1408
Simy,NGA,FW,2020,Crotone,2943,17.8845877,20,1.230989,2,0.5349316,-0.5333092,1.0682408,36,57,0.6316,43.6969
Giovanni Simeone,ARG,FW,2020,Cagliari,1743,6.8987277,6,0.756973,2,-0.264523,-0.3169159,0.0523929,15,23,0.6522,47.2764
Ignacio Pussetto,ARG,FW,2020,Udinese,756,2.3878243,3,0.3930965,1,0.618796,0.3724158,0.2463802,15,26,0.5769,57.6858
Antonio Sanabria,PRY,FW,2020,Torino,984,3.4747711,5,0.5196258,1,0.2010884,0.1409807,0.0601077,11,21,0.5238,50.2432
Lukás Haraslín,SVK,WAM,2020,Sassuolo,325,0.7465147,,0.5639522,,0.5206185,0.2093953,0.3112232,5,13,0.3846,50.8947
Gabriele Moncini,ITA,FW,2020,Benevento,356,0.9043998,,0.0949399,,0.2759061,0.0055785,0.2703276,4,6,0.6667,47.6753
Hirving Lozano,MEX,WAM,2020,Napoli,1972,9.1542403,11,3.9058772,3,2.9517702,1.2148727,1.7368975,29,70,0.4143,43.9303
Carles Pérez,ESP,WAM,2020,Roma,761,2.8750723,2,1.1077886,1,0.4652959,0.0527213,0.4125746,17,32,0.5313,40.8971
Yann Karamoh,FRA,WAM,2020,Parma,1301,3.9559694,2,1.268861,1,1.5885797,0.5852674,1.0033123,38,55,0.6909,28.6488
Kevin Lasagna,ITA,FW,2020,Verona,1268,3.1033156,2,0.8711369,,0.4871852,-0.0926039,0.5797891,8,18,0.4444,62.8456
Kevin Lasagna,ITA,FW,2020,Udinese,1102,7.3070386,2,0.9153905,1,0.1399039,0.1148377,0.0250662,5,15,0.3333,53.494
Samu Castillejo,ESP,WAM,2020,Milan,1173,2.3225346,1,0.9108806,,0.402863,0.1180995,0.2847635,30,47,0.6383,43.9113
Alex Berenguer,ESP,WAM,2020,Torino,133,0.3904539,,0.0482913,,0.0590712,0.0231494,0.0359218,2,2,1.0000,41.3708
Jakub Jankto,CZE,WAM,2020,Sampdoria,2419,4.1871626,6,3.9596332,3,2.1612146,1.6016558,0.5595588,10,26,0.3846,32.2872
Gianluca Scamacca,ITA,FW,2020,Genoa,1349,7.262223,8,1.88968,2,0.7414993,0.34363,0.3978693,16,22,0.7273,61.2817
Simone Edera,ITA,WAM,2020,Torino,50,0.115735,,0.1976101,,0.0208079,-0.0096534,0.0304613,2,2,1.0000,
Borja Mayoral,ESP,FW,2020,Roma,1554,7.238753,10,1.2605031,2,-0.0237999,-0.1514715,0.1276716,10,22,0.4545,35.4167
Andrea Favilli,ITA,FW,2020,Verona,332,1.4667472,2,0.0990501,,0.5613033,-0.1067069,0.6680102,3,7,0.4286,57.386
Eldor Shomurodov,UZB,FW,2020,Genoa,1679,5.8885646,8,1.4226111,1,0.8577163,0.184042,0.6736743,15,34,0.4412,41.0286
Antonino La Gumina,ITA,FW,2020,Sampdoria,339,0.6972261,,0.0306539,,-0.1217142,-0.0687576,-0.0529566,5,6,0.8333,34.4124
Patrick Cutrone,ITA,FW,2020,Fiorentina,185,0.149788,,0.0275165,,-0.0587795,-0.0564731,-0.0023064,,,,39.0711
Lautaro Martínez,ARG,FW,2020,Internazionale,2576,15.2501446,17,3.2981829,6,1.8020763,0.6574371,1.1446392,36,71,0.5070,46.7761
Sam Lammers,NLD,FW,2020,Atalanta,277,1.2545119,2,0.329738,,0.0403446,-0.059542,0.0998866,13,18,0.7222,46.6521
Andrea Pinamonti,ITA,FW,2020,Internazionale,164,0.8235107,1,0.0778786,,-0.0232329,-0.0145123,-0.0087206,2,3,0.6667,50.79
Rafael Leão,PRT,WAM,2020,Milan,1934,6.5461865,6,3.0761287,6,1.3489369,0.5349773,0.8139596,40,65,0.6154,60.7015
Adam Ounas,DZA,WAM,2020,Cagliari,306,0.8382888,,0.966649,,0.4746415,0.2357489,0.2388926,19,30,0.6333,28.9331
Adam Ounas,DZA,WAM,2020,Crotone,1206,2.405738,4,2.7315968,3,1.8313085,0.9217846,0.9095239,57,75,0.7600,37.8392
Victor Osimhen,NGA,FW,2020,Napoli,1575,10.3031093,10,1.2560256,3,0.2216335,-0.3745282,0.5961617,12,27,0.4444,60.3171
M'Bala Nzola,AGO,FW,2020,Spezia,1897,9.1033192,11,1.6939956,3,-0.3660392,-0.7426761,0.3766369,27,43,0.6279,46.4072
Denis Dragus,ROU,FW,2020,Crotone,172,0.0977955,,0.1612004,,0.096134,0.072957,0.023177,5,8,0.6250,49.144
Lubomir Tupta,SVK,FW,2020,Verona,49,0.131036,,0.0033235,,-0.0369194,-0.0438669,0.0069475,,,,49.8136
Nicolás Schiappacasse,URY,FW,2020,Sassuolo,14,0.0,,0.0095426,,0.0057662,0.0057662,0.0,,,,47.5967
Justin Kluivert,NLD,WAM,2020,Roma,18,0.0137699,,0.0309694,,0.0294429,0.0182557,0.0111872,,,,
Federico Chiesa,ITA,WAM,2020,Fiorentina,241,0.7299446,1,1.223205,1,0.5474447,0.4663752,0.0810695,6,13,0.4615,33.2966
Federico Chiesa,ITA,WAM,2020,Juventus,2227,6.559753,8,4.9421983,8,3.3321609,1.8736553,1.4585056,48,84,0.5714,26.8878
Riccardo Orsolini,ITA,WAM,2020,Bologna,1757,8.81775,7,2.2437693,3,1.88909,0.8160516,1.0730384,36,64,0.5625,42.7863
Dusan Vlahovic,SRB,FW,2020,Fiorentina,2933,18.1340346,21,1.4081161,3,0.7019946,-0.067766,0.7697606,27,54,0.5000,53.5178
Eljif Elmas,MKD,WAM,2020,Napoli,715,1.5407678,2,0.6370101,1,0.1366789,-0.2710244,0.4077033,12,16,0.7500,37.6912
Jens Petter Hauge,NOR,WAM,2020,Milan,522,0.8705561,2,0.9128494,,0.6026984,0.4263682,0.1763302,9,18,0.5000,44.2222
Roberto Piccoli,ITA,FW,2020,Spezia,700,4.9379523,5,0.1197517,,-0.0164872,-0.1871717,0.1706845,5,8,0.6250,44.0548
Edoardo Vergani,ITA,FW,2020,Bologna,11,0.0,,0.0007105,,-0.0038971,-0.0057045,0.0018074,,,,
Christian Kouamé,CIV,FW,2020,Fiorentina,980,3.1397589,1,1.2488562,1,0.107461,0.1009202,0.0065408,16,27,0.5926,58.0634
Riccardo Sottil,ITA,WAM,2020,Cagliari,1190,1.9146482,2,1.4797375,1,1.301557,0.6138304,0.6877266,40,59,0.6780,47.5139
Dennis Man,ROU,WAM,2020,Parma,697,2.327368,2,0.5137692,1,0.5906244,0.3824644,0.20816,13,18,0.7222,56.6545
Emanuel Vignato,ITA,WAM,2020,Bologna,1190,1.3452924,1,3.0858745,4,1.7758656,1.3618043,0.4140613,23,38,0.6053,42.7314
Giacomo Vrioni,ALB,FW,2020,Juventus,1,0.0,,0.0516044,,0.062892,0.0507443,0.0121477,,,,
Mehdi Léris,DZA,WAM,2020,Sampdoria,373,0.0491662,,0.2986937,,0.3390666,0.1954118,0.1436548,6,14,0.4286,56.2392
Hamed Traorè,CIV,WAM,2020,Sassuolo,1789,4.5858552,5,2.2551877,2,1.873962,1.0089013,0.8650607,52,76,0.6842,46.4244
Andreas Skov Olsen,DNK,WAM,2020,Bologna,1176,4.3667595,2,2.276147,2,1.2003251,0.4148361,0.785489,17,39,0.4359,52.146
Junior Messias,BRA,WAM,2020,Crotone,3217,7.2361168,9,3.3854559,4,3.6453293,1.7642951,1.8810342,105,163,0.6442,43.5868
Alexis Saelemaekers,BEL,WAM,2020,Milan,2030,2.4511618,2,2.7195171,4,1.3922275,0.8148936,0.5773339,37,61,0.6066,31.9779
Manolo Portanova,ITA,WAM,2020,Juventus,70,0.5022243,,0.0069815,,0.0766529,0.0091618,0.0674911,,,,50.0
Manolo Portanova,ITA,WAM,2020,Genoa,63,0.0175748,,0.0243828,,0.0897134,0.0879117,0.0018017,2,3,0.6667,52.785
Valentin Mihaila,ROU,WAM,2020,Parma,692,2.7836561,3,0.4138231,,0.7733323,0.0201679,0.7531644,14,28,0.5000,36.7508
Mikkel Damsgaard,DNK,WAM,2020,Sampdoria,1770,2.7950084,2,2.5365642,4,1.203883,0.9487521,0.2551309,51,87,0.5862,56.5385
Musa Barrow,GMB,WAM,2020,Bologna,2933,7.7350441,8,4.3002077,8,2.0390459,0.5479699,1.491076,34,71,0.4789,28.8726
Vincenzo Millico,ITA,FW,2020,Torino,19,,,0.0328268,,0.0059903,0.0086754,-0.0026851,,1,,
Dejan Kulusevski,SWE,WAM,2020,Juventus,1918,3.3489902,4,4.5769095,3,2.873297,1.4903083,1.3829887,43,72,0.5972,38.1859
Giacomo Raspadori,ITA,FW,2020,Sassuolo,1229,4.6048886,6,1.8509094,,0.0364208,-0.1622305,0.1986513,15,29,0.5172,40.0874
Félix Correia,PRT,WAM,2020,Juventus,6,0.0,,0.0015561,,0.0002542,0.0035099,-0.0032557,,,,
Lorenzo Colombo,ITA,FW,2020,Milan,92,0.6223547,,0.0527695,,0.0402306,0.0050677,0.0351629,1,2,0.5000,48.1279
Adolfo Gaich,ARG,FW,2020,Benevento,771,2.5305695,2,0.1526139,,0.3204662,-0.0406963,0.3611625,9,24,0.3750,36.654
Augustus Kargbo,SLE,FW,2020,Crotone,32,0.0,,0.0041601,,-0.0284972,-0.0289156,0.0004184,1,2,0.5000,
Joshua Zirkzee,NLD,FW,2020,Parma,109,0.0674642,,0.0688026,,0.0127893,0.035777,-0.0229877,4,4,1.0000,41.1324
Andrea Adorante,ITA,WAM,2020,Parma,9,0.0,,0.0000537,,-0.0027642,-0.0027642,0.0,,,,50.0
Raúl Moro,ESP,WAM,2020,Lazio,10,0.0,,0.0,,-0.0505174,0.0,-0.0505174,,2,,
Antonio Cioffi,ITA,WAM,2020,Napoli,11,0.0,,0.0143044,,0.0019613,-0.0020946,0.0040559,1,1,1.0000,
Drissa Camara,CIV,WAM,2020,Parma,14,0.0,,0.0005185,,0.0129943,-0.0070489,0.0200432,1,2,0.5000,
Ebrima Colley,GMB,WAM,2020,Verona,720,1.7767783,1,1.0439764,,0.3096951,0.0385093,0.2711858,18,31,0.5806,25.5615
Giuseppe Di Serio,ITA,FW,2020,Benevento,278,0.5818543,,0.3001039,,0.2039891,0.1336295,0.0703596,6,6,1.0000,42.3265
Daniel Maldini,ITA,WAM,2020,Milan,26,0.0858055,,0.0623229,,0.1269289,0.0434126,0.0835163,2,2,1.0000,
Giuseppe Caso,ITA,FW,2020,Genoa,53,0.0,,0.0015965,,0.0270032,-0.0136685,0.0406717,2,4,0.5000,50.0
Amad Diallo,CIV,WAM,2020,Atalanta,13,0.0253171,,0.0165263,,0.0583023,0.0468941,0.0114082,,2,,50.0
Brian Oddei,ITA,WAM,2020,Sassuolo,40,0.1286799,,0.6462415,2,0.035948,-0.0117413,0.0476893,3,4,0.7500,
Simone Rabbi,ITA,FW,2020,Bologna,31,0.0,,0.0063773,1,0.0065008,0.0059033,0.0005975,,1,,50.0
Mattia Pagliuca,ITA,WAM,2020,Bologna,12,0.0,,0.0106438,,-0.0361561,-0.0396975,0.0035414,,1,,
Chaka Traorè,CIV,FW,2020,Parma,15,0.2512011,,0.0168387,,0.0530324,0.0266766,0.0263558,,1,,
Antonio Raimondo,ITA,FW,2020,Bologna,1,,,0.0,,,,,,,,50.0
Dusan Vlahovic,SRB,FW,2021,Juventus,1077,5.6680795,7,0.3910125,1,0.1726598,-0.0733249,0.2459847,11,27,0.4074,63.4608
Lys Mousset,FRA,FW,2021,Salernitana,158,0.0984282,,0.2003686,1,0.1162009,0.0999818,0.0162191,3,7,0.4286,45.1928
Mikael,BRA,FW,2021,Salernitana,77,0.1439684,,0.0122784,,0.028931,-0.0026901,0.0316211,,2,,64.7572
Diego Perotti,ARG,WAM,2021,Salernitana,277,1.5178785,,0.5026784,,0.1596313,-0.0746366,0.2342679,8,13,0.6154,45.471
Valentin Mihaila,ROU,WAM,2021,Atalanta,73,0.0177271,,0.0604901,,0.1015171,0.0369151,0.064602,2,3,0.6667,39.3291
Jérémie Boga,CIV,WAM,2021,Atalanta,764,1.3617301,,2.0683313,,1.7896852,0.8117555,0.9779297,31,59,0.5254,30.0565
Arthur Cabral,BRA,FW,2021,Fiorentina,750,4.1348497,2,0.4074914,2,-0.0545861,-0.225632,0.1710459,9,14,0.6429,47.6906
Roberto Piccoli,ITA,FW,2021,Genoa,215,0.3663888,,0.1147056,,-0.1121669,-0.1245293,0.0123624,2,3,0.6667,51.2979
Albert Gudmundsson,ISL,WAM,2021,Genoa,605,1.2903901,1,1.5014031,,0.6623761,0.3103165,0.3520596,7,14,0.5000,35.437
Vladyslav Supryaha,UKR,FW,2021,Sampdoria,23,0.0,,0.0011299,,0.0256583,0.0019595,0.0236988,,,,
Emil Ceïde,NOR,WAM,2021,Sassuolo,49,0.0,,0.0134571,,0.0717189,0.0190872,0.0526317,1,4,0.2500,54.599
Pietro Pellegri,ITA,FW,2021,Torino,210,0.2806779,1,0.0194523,,0.0312787,-0.0256902,0.0569689,4,8,0.5000,38.4492
Jean-Pierre Nsame,CMR,FW,2021,Venezia,235,0.406658,,0.3942733,1,0.1757857,0.0725394,0.1032463,1,3,0.3333,67.2282
Felipe Caicedo,ECU,FW,2021,Internazionale,21,0.0,,0.1122387,,0.0801802,0.0678379,0.0123423,,,,
Moustapha Cissé,GIN,FW,2021,Atalanta,35,0.5700364,1,0.0065691,,0.1194707,-0.0006044,0.1200751,1,1,1.0000,53.2947
Hilmir Mikaelsson,ISL,FW,2021,Venezia,17,,,0.0004841,,0.0101484,0.0046804,0.005468,,,,48.0989
Patrick Leal,USA,FW,2021,Venezia,1,,,0.0,,,,,,,,
Mehdi Léris,DZA,WAM,2022,Sampdoria,2463,3.7833738,1,1.5431473,1,1.4713975,1.1587194,0.3126781,29,60,0.4833,67.2739
Francesco Caputo,ITA,FW,2022,Sampdoria,1100,1.7461564,1,0.7133556,,-0.3120729,-0.3432365,0.0311636,3,8,0.3750,41.3635
Fabio Quagliarella,ITA,FW,2022,Sampdoria,796,2.4378789,1,0.823622,1,0.2105615,0.2307284,-0.0201669,4,7,0.5714,40.4651
Manuel De Luca,ITA,FW,2022,Sampdoria,43,0.0,,0.0028737,,-0.0523159,-0.0308159,-0.0215,,,,37.3052
Lorenzo Malagrida,ITA,WAM,2022,Sampdoria,105,0.1208224,,0.1039897,,0.1559144,0.0723958,0.0835186,2,2,1.0000,47.3877
Manolo Gabbiadini,ITA,FW,2022,Sampdoria,2367,6.2387498,7,4.224891,2,1.9625946,1.6818923,0.2807023,6,22,0.2727,42.1858
Luis Muriel,COL,FW,2022,Atalanta,1065,2.6119899,4,4.776508,3,3.056563,1.9807973,1.0757657,34,67,0.5075,39.592
Duván Zapata,COL,FW,2022,Atalanta,1393,3.9409464,2,1.3159497,2,0.2078395,-0.259344,0.4671835,20,36,0.5556,69.9839
Jérémie Boga,CIV,WAM,2022,Atalanta,771,1.57053,2,3.5875189,5,2.0365891,1.0727355,0.9638536,48,81,0.5926,29.4095
Ademola Lookman,NGA,WAM,2022,Atalanta,1734,10.0288126,13,6.0565998,6,3.1213763,2.1127964,1.0085799,34,71,0.4789,30.5717
Junior Messias,BRA,WAM,2022,Milan,1509,2.3611897,5,1.8771813,2,1.2761346,0.8721301,0.4040045,34,55,0.6182,37.4339
Rafael Leão,PRT,WAM,2022,Milan,2430,11.6552076,15,6.6262304,8,5.8807096,3.2143081,2.6664015,77,154,0.5000,57.7493
Ante Rebic,HRV,FW,2022,Milan,976,3.0438772,3,2.1632061,2,0.6785561,0.566091,0.1124651,15,29,0.5172,48.1224
Alexis Saelemaekers,BEL,WAM,2022,Milan,1397,2.5642724,2,3.6860034,3,2.2617061,1.3619718,0.8997343,31,64,0.4844,43.0147
Charles De Ketelaere,BEL,FW,2022,Milan,1101,2.1560941,,1.6004713,1,1.2880135,0.7780782,0.5099353,36,52,0.6923,62.3024
Divock Origi,BEL,FW,2022,Milan,1016,2.9228707,2,0.6508081,1,0.6426585,0.0766159,0.5660426,15,24,0.6250,46.2677
Olivier Giroud,FRA,FW,2022,Milan,2147,14.5063276,13,2.1424281,5,-0.1375049,-0.2964303,0.1589254,7,13,0.5385,74.097
Gerard Deulofeu,ESP,FW,2022,Udinese,1218,5.4328604,2,4.1988321,6,3.4609019,2.1670275,1.2938744,20,41,0.4878,21.3897
Isaac Success,NGA,FW,2022,Udinese,1820,3.1228817,1,3.2227046,6,1.1525585,0.659956,0.4926025,30,59,0.5085,62.4309
Beto,PRT,FW,2022,Udinese,2132,10.4955681,10,1.5936506,1,0.196309,-0.283195,0.479504,32,72,0.4444,64.7556
Ilija Nestorovski,MKD,FW,2022,Udinese,624,1.3684997,2,0.4352237,1,-0.2098751,-0.1792115,-0.0306636,3,4,0.7500,32.6981
Andrea Petagna,ITA,FW,2022,Monza,1669,5.5205399,4,2.265249,5,-0.3519983,-0.3853496,0.0333513,20,31,0.6452,53.9343
Dany Mota,PRT,FW,2022,Monza,1925,5.5964629,5,1.933022,1,1.1720776,0.3256559,0.8464217,36,60,0.6000,49.9889
Christian Gytkjær,DNK,FW,2022,Monza,537,3.3849875,1,0.1627028,,0.5561325,0.0746425,0.48149,3,5,0.6000,46.7485
Samuele Vignato,ITA,FW,2022,Monza,56,0.0572496,,0.0675913,1,0.01534,-0.050058,0.065398,3,4,0.7500,47.7385
Nemanja Radonjic,SRB,WAM,2022,Torino,1460,5.5736902,2,2.3871473,2,2.2052926,0.6813366,1.523956,50,110,0.4545,44.9752
Antonio Sanabria,PRY,FW,2022,Torino,2441,10.5511482,12,1.917117,4,-0.6587575,-0.6424638,-0.0162937,23,34,0.6765,56.9547
Pietro Pellegri,ITA,FW,2022,Torino,459,0.8863585,2,0.5266073,,0.2511619,0.2331921,0.0179698,3,14,0.2143,31.2023
Federico Di Francesco,ITA,WAM,2022,Lecce,2035,3.2382855,2,2.0451744,2,1.6107141,1.0236666,0.5870475,18,45,0.4000,42.2011
Gabriel Strefezza,BRA,WAM,2022,Lecce,2459,6.1149914,8,4.247226,4,2.4542196,1.456639,0.9975806,36,78,0.4615,27.683
Assan Ceesay,GMB,FW,2022,Lecce,1813,4.6845823,6,0.7238316,,0.2928676,-0.0501006,0.3429682,22,34,0.6471,48.6783
Marcin Listkowski,POL,WAM,2022,Lecce,74,0.038867,,0.01209,,0.023295,0.0069252,0.0163698,,,,
Pablo Rodríguez,ESP,FW,2022,Lecce,50,0.0,,0.0221529,,0.0867485,0.0724347,0.0143138,,,,32.8007
Lorenzo Colombo,ITA,FW,2022,Lecce,1517,5.4961166,5,0.695784,2,-0.0734604,0.0332684,-0.1067288,11,33,0.3333,33.843
Joel Voelkerling Persson,SWE,FW,2022,Lecce,92,0.0357061,,0.0483693,,0.0450228,0.0667219,-0.0216991,1,1,1.0000,48.2678
Lameck Banda,ZMB,WAM,2022,Lecce,1632,3.1477727,2,1.0672197,1,1.2892322,0.1155026,1.1737296,48,96,0.5000,27.9492
Lautaro Martínez,ARG,FW,2022,Internazionale,2576,20.0573233,21,3.3060921,6,1.9470733,0.7948623,1.152211,29,60,0.4833,59.5312
Romelu Lukaku,BEL,FW,2022,Internazionale,1663,8.8042717,10,3.502243,6,1.3380385,0.3172168,1.0208217,16,29,0.5517,59.3029
Joaquín Correa,ARG,FW,2022,Internazionale,944,3.3302032,3,1.6787171,1,0.84066,0.2745039,0.5661561,14,27,0.5185,44.1071
Edin Dzeko,BIH,FW,2022,Internazionale,1729,9.6352336,9,3.7817195,3,1.0126578,0.4113448,0.601313,9,23,0.3913,45.897
Mattia Zaccagni,ITA,WAM,2022,Lazio,2782,7.7122877,10,3.3964792,6,2.2374765,0.8917315,1.345745,60,95,0.6316,30.9416
Ciro Immobile,ITA,FW,2022,Lazio,2228,15.0153364,12,2.3794187,5,0.9326486,-0.0980583,1.0307069,18,38,0.4737,48.8024
Felipe Anderson,BRA,WAM,2022,Lazio,2967,6.1164348,9,4.9117005,2,2.1940039,1.1221682,1.0718357,54,96,0.5625,39.0629
Luka Romero,ARG,WAM,2022,Lazio,148,1.0703996,1,0.0627049,,-0.0135105,-0.0799081,0.0663976,2,9,0.2222,48.3328
Matteo Cancellieri,ITA,WAM,2022,Lazio,236,0.2415618,,0.4507096,,0.1317754,-0.0668196,0.198595,3,7,0.4286,39.2829
Marko Arnautovic,AUT,FW,2022,Bologna,1540,8.6586401,10,1.7100487,,0.2326344,0.088264,0.1443704,13,24,0.5417,50.2921
Nicola Sansone,ITA,WAM,2022,Bologna,737,3.2134726,4,0.9043865,2,0.6284119,0.0438513,0.5845606,6,16,0.3750,24.0276
Emanuel Vignato,ITA,WAM,2022,Bologna,238,0.0643328,,0.3125375,1,0.3311346,0.3127851,0.0183495,1,1,1.0000,48.0673
Musa Barrow,GMB,WAM,2022,Bologna,1968,3.2549253,3,2.7533181,8,1.0290728,0.1472596,0.8818132,24,65,0.3692,27.568
Riccardo Orsolini,ITA,WAM,2022,Bologna,2122,9.7371268,11,2.9080884,4,2.1909557,0.9758024,1.2151533,35,79,0.4430,43.7809
Antonio Raimondo,ITA,FW,2022,Bologna,13,0.0,,0.0004456,,-0.0044077,-0.0095304,0.0051227,,,,42.879
Luka Jovic,SRB,FW,2022,Fiorentina,1526,8.927066,6,0.9672204,3,0.2205238,-0.3344086,0.5549324,15,21,0.7143,47.5036
Christian Kouamé,CIV,FW,2022,Fiorentina,1870,5.3442845,4,2.9074966,4,1.3977668,0.637669,0.7600978,21,57,0.3684,63.6883
Riccardo Sottil,ITA,WAM,2022,Fiorentina,832,1.2991903,,0.9647074,2,1.2121658,0.2517774,0.9603884,13,34,0.3824,43.562
Jonathan Ikoné,FRA,WAM,2022,Fiorentina,2007,5.0107597,4,3.8691153,4,2.0910097,0.7834201,1.3075896,48,78,0.6154,37.5422
Arthur Cabral,BRA,FW,2022,Fiorentina,1432,7.560908,8,0.7885286,1,0.2806928,-0.0689116,0.3496044,15,32,0.4688,70.2957
Nicolás González,ARG,WAM,2022,Fiorentina,1352,7.2015986,6,1.1242704,1,1.2532246,0.7593061,0.4939185,25,56,0.4464,66.9654
Riccardo Saponara,ITA,WAM,2022,Fiorentina,1204,3.5519661,4,2.3881707,3,1.1351411,0.4655454,0.6695957,18,37,0.4865,54.2321
David Okereke,NGA,FW,2022,Cremonese,2273,5.0584889,7,1.1586055,,0.7648884,0.2090516,0.5558368,39,74,0.5270,48.7766
Luca Zanimacchia,ITA,WAM,2022,Cremonese,747,1.1139077,,0.9940992,,0.25516,0.1487819,0.1063781,5,13,0.3846,31.4429
Cyriel Dessers,NGA,FW,2022,Cremonese,1592,6.4546287,6,1.3720725,2,1.0404813,0.6769879,0.3634934,13,35,0.3714,41.2335
Cristian Buonaiuto,ITA,WAM,2022,Cremonese,967,3.0011377,1,1.511351,,0.9877932,0.6617354,0.3260578,20,43,0.4651,33.1828
Jaime Báez,URY,WAM,2022,Cremonese,96,0.0921198,,0.3024133,,0.0904428,0.0595759,0.0308669,1,1,1.0000,42.7506
Frank Tsadjout,ITA,FW,2022,Cremonese,1057,1.8123268,3,0.2590274,1,0.2356614,-0.1240581,0.3597195,12,15,0.8000,62.364
Daniel Ciofani,ITA,FW,2022,Cremonese,1054,6.1241207,8,0.890515,,-0.1671935,-0.1863434,0.0191499,,4,,40.9669
Samuel Di Carmine,ITA,FW,2022,Cremonese,26,0.0678974,,0.0081201,,-0.019328,0.005204,-0.024532,1,1,1.0000,60.7686
Antonio Candreva,ITA,WAM,2022,Salernitana,2736,3.6068472,7,4.8053968,4,2.5086697,1.8958652,0.6128045,8,22,0.3636,39.0785
Federico Bonazzoli,ITA,FW,2022,Salernitana,1115,2.2709159,2,0.9149055,1,0.4729958,0.2017865,0.2712093,12,21,0.5714,47.2977
Franck Ribéry,FRA,FW,2022,Salernitana,36,0.0,,0.0032868,,-0.0135017,-0.0235593,0.0100576,,3,,
Julian Kristoffersen,NOR,FW,2022,Salernitana,17,0.0,,0.0,,0.0,0.0,0.0,,,,64.3477
Paulo Dybala,ARG,FW,2022,Roma,1751,9.6920366,12,4.0831983,6,2.2715807,1.16123,1.1103507,27,54,0.5000,28.7969
Tammy Abraham,ENG,FW,2022,Roma,2194,11.0124202,8,3.2555649,3,1.4552803,0.6812721,0.7743135,22,59,0.3729,63.6908
Nicolò Zaniolo,ITA,WAM,2022,Roma,897,3.5975136,1,0.7490449,,0.4543944,0.1742146,0.2801798,10,39,0.2564,48.3115
Eldor Shomurodov,UZB,FW,2022,Roma,115,0.7539468,,0.0171321,,0.0515199,-0.0401864,0.0917063,1,4,0.2500,47.8991
Stephan El Shaarawy,ITA,WAM,2022,Roma,1520,5.0127919,7,1.773633,2,1.9059789,0.8867924,1.0191865,26,66,0.3939,54.8642
Emmanuel Gyasi,GHA,WAM,2022,Spezia,2834,3.7140467,2,1.6034031,,0.2957651,-0.102819,0.3985841,7,36,0.1944,36.2414
Daniele Verde,ITA,WAM,2022,Spezia,994,2.5138964,3,2.0746614,,0.9061708,0.7651057,0.1410651,6,13,0.4615,
M'Bala Nzola,AGO,FW,2022,Spezia,2653,11.6973079,13,2.8691882,2,0.7677063,-0.3451826,1.1128889,30,69,0.4348,49.4156
Daniel Maldini,ITA,WAM,2022,Spezia,621,1.073344,2,0.511814,,0.0933824,0.0387938,0.0545886,23,41,0.5610,50.8747
David Strelec,SVK,FW,2022,Spezia,163,0.5895489,,0.1281089,,0.0198733,-0.0142138,0.0340871,,3,,54.6764
Mattia Destro,ITA,FW,2022,Empoli,566,1.5739882,1,0.2905495,,-0.0626272,0.0095134,-0.0721406,4,8,0.5000,29.9123
Sam Lammers,NLD,FW,2022,Empoli,883,2.3645726,1,0.3415963,1,-0.250138,-0.2277394,-0.0223986,10,22,0.4545,71.9899
Martín Satriano,URY,FW,2022,Empoli,1710,4.2796868,2,1.5620898,1,0.4834848,0.4730259,0.0104589,19,46,0.4130,43.3455
Nicolò Cambiaghi,ITA,WAM,2022,Empoli,1280,3.5261859,6,1.6033971,1,1.4985195,0.611863,0.8866565,22,42,0.5238,25.9451
Emmanuel Ekong,SWE,FW,2022,Empoli,18,0.0194736,,0.0002706,,0.0156685,-0.0076765,0.023345,,1,,
Thomas Henry,FRA,FW,2022,Verona,1035,1.9185238,2,0.7156796,,0.0143635,0.2009573,-0.1865938,3,14,0.2143,67.2089
Kevin Lasagna,ITA,FW,2022,Verona,1575,4.9417908,1,0.4119129,2,0.6790843,0.1680224,0.5110619,13,31,0.4194,35.3424
Milan Djuric,BIH,FW,2022,Verona,1364,1.5234755,1,0.9508152,1,0.2682733,0.1153986,0.1528747,3,6,0.5000,83.7027
Roberto Piccoli,ITA,FW,2022,Verona,189,0.2558526,,0.0051626,,0.0801199,0.0088205,0.0712994,1,3,0.3333,44.4042
Victor Osimhen,NGA,FW,2022,Napoli,2583,24.4694362,26,2.3374988,4,-0.1401495,-0.6967056,0.5565561,26,61,0.4262,68.267
Hirving Lozano,MEX,WAM,2022,Napoli,1610,5.290395,3,3.6585878,3,1.7199951,0.9301175,0.7898776,38,69,0.5507,47.5578
Khvicha Kvaratskhelia,GEO,WAM,2022,Napoli,2539,8.390965,12,7.1581061,10,4.3883342,1.9700496,2.4182846,75,182,0.4121,50.2509
Adam Ounas,DZA,WAM,2022,Napoli,13,0.0426,,0.0139684,,0.0592896,0.0367345,0.0225551,2,2,1.0000,
Eljif Elmas,MKD,WAM,2022,Napoli,1615,4.4291931,6,2.3769088,3,1.3615615,0.4689771,0.8925844,23,45,0.5111,31.2072
Alessio Zerbin,ITA,WAM,2022,Napoli,192,0.2465243,,0.1223513,,0.2450471,0.1157507,0.1292964,2,5,0.4000,37.3881
Matteo Politano,ITA,WAM,2022,Napoli,1166,4.3385404,3,2.731924,3,1.7230749,0.984871,0.7382039,23,48,0.4792,39.6307
Dusan Vlahovic,SRB,FW,2022,Juventus,1929,9.8517014,10,1.1088561,2,0.9117792,-0.1469386,1.0587178,14,32,0.4375,49.2179
Ángel Di María,ARG,WAM,2022,Juventus,1362,3.0325039,4,3.9934835,4,2.6173796,1.7620944,0.8552852,32,73,0.4384,47.5322
Matías Soulé,ARG,WAM,2022,Juventus,415,1.3123899,1,0.3878407,,0.2399821,0.0138262,0.2261559,12,23,0.5217,38.9425
Grégoire Defrel,FRA,FW,2022,Sassuolo,1166,3.8302525,2,0.2456635,1,-0.4438523,-0.2965749,-0.1472774,7,21,0.3333,31.7594
Domenico Berardi,ITA,WAM,2022,Sassuolo,1872,11.3299851,12,6.2019357,7,3.6008438,2.6527261,0.9481177,22,42,0.5238,39.6553
Luca D'Andrea,ITA,WAM,2022,Sassuolo,321,0.3331777,,0.50225,1,0.4349856,0.210517,0.2244686,4,10,0.4000,48.0082
Emil Ceïde,NOR,WAM,2022,Sassuolo,502,1.0016332,,1.0232634,1,1.0746269,0.6246915,0.4499354,8,22,0.3636,54.7078
Andrea Pinamonti,ITA,FW,2022,Sassuolo,2173,6.1514941,5,1.8095653,,-0.1197286,-0.1030525,-0.0166761,10,27,0.3704,40.6899
Giacomo Raspadori,ITA,FW,2022,Sassuolo,45,0.0,,0.0037913,,-0.0431898,-0.017381,-0.0258088,,,,
Agustín Álvarez,URY,FW,2022,Sassuolo,351,1.559091,1,0.3180938,1,0.2716131,-0.0959274,0.3675405,7,15,0.4667,45.3691
Boulaye Dia,SEN,FW,2022,Salernitana,2527,8.5225543,16,2.2664593,6,1.5658525,0.5029057,1.0629468,35,74,0.4730,37.3437
Pedro,ESP,WAM,2022,Lazio,1893,2.7395704,4,2.1622788,3,1.4899298,0.5341299,0.9557999,31,58,0.5345,34.3209
Leandro Sanca,GNB,WAM,2022,Spezia,28,0.0,,0.0067771,,-0.0001786,0.0026107,-0.0027893,3,5,0.6000,50.0
Giacomo Raspadori,ITA,FW,2022,Napoli,899,3.8062118,2,1.2888997,2,0.2984112,0.2552685,0.0431427,8,18,0.4444,40.9348
Giovanni Simeone,ARG,FW,2022,Napoli,386,1.4594962,4,0.2804124,1,0.1970145,0.0085787,0.1884358,7,12,0.5833,31.3296
Moise Kean,ITA,FW,2022,Juventus,989,6.4076375,6,0.7257098,,0.6043625,0.0593258,0.5450367,15,38,0.3947,56.9311
Arkadiusz Milik,POL,FW,2022,Juventus,1581,6.9277124,7,1.036739,1,-0.159705,-0.4094401,0.2497351,11,20,0.5500,48.427
Rasmus Højlund,DNK,FW,2022,Atalanta,1833,9.6696486,9,2.0718106,2,0.754815,0.0220455,0.7327695,29,59,0.4915,49.9327
Andrea Belotti,ITA,FW,2022,Roma,1133,4.2620755,,0.8585199,2,0.1393517,-0.2384188,0.3777705,7,26,0.2692,61.3693
Felix Afena-Gyan,GHA,FW,2022,Cremonese,805,1.499503,,0.2373356,,-0.3874361,-0.3024269,-0.0850092,7,19,0.3684,33.039
Joshua Zirkzee,NLD,FW,2022,Bologna,808,3.4672583,2,0.7384337,2,0.4542833,0.0852463,0.369037,16,35,0.4571,43.5845
Armand Laurienté,FRA,WAM,2022,Sassuolo,2191,4.5110395,7,4.6164409,6,3.7694633,2.0682115,1.7012518,64,123,0.5203,
Janis Antiste,FRA,FW,2022,Sassuolo,50,0.122178,1,0.007676,,-0.0074112,-0.0079834,0.0005722,,1,,44.7166
Ignacio Pussetto,ARG,FW,2022,Sampdoria,150,0.1499206,,0.1238125,,0.032908,-0.0090706,0.0419786,1,3,0.3333,53.1685
Vivaldo Semedo,PRT,FW,2022,Udinese,30,0.0463008,,0.0093514,,0.0059514,0.0074408,-0.0014894,,,,50.0
Krzysztof Piatek,POL,FW,2022,Salernitana,2144,7.5486335,4,0.986518,5,0.2711502,-0.4363825,0.7075327,10,20,0.5000,52.3649
Remi Oudin,FRA,WAM,2022,Lecce,1315,1.5836789,3,1.8694399,,0.7571975,0.533606,0.2235915,10,20,0.5000,55.0762
Yann Karamoh,FRA,WAM,2022,Torino,707,3.2061503,4,0.5277278,,0.1670749,-0.1328122,0.2998871,26,51,0.5098,30.8907
Marko Lazetic,SRB,FW,2022,Milan,7,0.0510405,,0.0000619,,0.0004429,0.0004429,0.0,,,,50.0
Hamed Traorè,CIV,WAM,2022,Sassuolo,592,0.8496966,,0.97555,3,0.4120867,0.2212193,0.1908674,4,13,0.3077,40.7181
Daniele Montevago,ITA,FW,2022,Sampdoria,227,0.5552168,,0.4135547,,0.0275887,-0.0518393,0.079428,,4,,46.7177
Federico Chiesa,ITA,WAM,2022,Juventus,843,1.5238131,2,1.9378199,5,1.4055574,0.7841129,0.6214445,24,43,0.5581,25.226
Sam Lammers,NLD,FW,2022,Sampdoria,1101,2.2077019,1,0.6801392,1,0.3762755,0.0977748,0.2785007,14,27,0.5185,66.4856
Jordan Majchrzak,POL,FW,2022,Roma,13,0.0,,0.0025385,,0.0078825,0.0078825,0.0,,,,51.3097
Francesco Caputo,ITA,FW,2022,Empoli,1718,7.3712664,5,1.0263497,4,0.045406,0.1294225,-0.0840165,1,9,0.1111,43.0452
Cyril Ngonge,BEL,WAM,2022,Verona,747,2.0416751,3,0.8374775,1,0.4637786,0.0798743,0.3839043,12,32,0.3750,45.04
Raimonds Krollis,LVA,FW,2022,Spezia,32,0.1023161,,0.037531,,0.0818713,0.0464905,0.0353808,,1,,48.3317
Tio Cipot,SVN,WAM,2022,Spezia,132,0.0320485,,0.1214069,,-0.0577854,-0.0583671,0.0005817,3,7,0.4286,46.578
Herculano Nabian,PRT,FW,2022,Empoli,1,0.0,,0.0,,0.0020866,0.0,0.0020866,,1,,
Emanuel Vignato,ITA,WAM,2022,Empoli,52,0.1025976,1,0.115984,1,0.1291795,0.1251834,0.0039961,1,1,1.0000,44.2621
Roberto Piccoli,ITA,FW,2022,Empoli,515,1.6834958,2,0.1557374,,-0.076531,-0.0173101,-0.0592209,8,18,0.4444,45.2424
Eldor Shomurodov,UZB,FW,2022,Spezia,805,1.508343,1,0.9796888,1,0.4261935,0.1536201,0.2725734,8,21,0.3810,47.612
Florian Thauvin,FRA,WAM,2022,Udinese,542,0.4476564,,1.2374019,,0.7474228,0.4907627,0.2566601,10,31,0.3226,57.5115
Josip Brekalo,HRV,WAM,2022,Fiorentina,227,0.5140347,,0.6077455,,0.4048397,0.2656969,0.1391428,6,8,0.7500,42.0748
Adolfo Gaich,ARG,FW,2022,Verona,723,2.7428687,2,0.1879192,,-0.0596723,-0.0459019,-0.0137704,11,16,0.6875,57.2668
Zlatan Ibrahimovic,SWE,FW,2022,Milan,144,1.0219054,1,0.1553524,,0.2192865,0.1410041,0.0782824,,2,,72.8874
Mihailo Ivanovic,SRB,FW,2022,Sampdoria,2,0.0,,0.0,,0.0,0.0,0.0,,,,
Jesé,ESP,FW,2022,Sampdoria,202,0.3273612,1,0.4124987,1,-0.001255,0.0012151,-0.0024701,3,4,0.7500,25.3961
Samuel Ntanda,BEL,WAM,2022,Sampdoria,1,0.0342827,,0.0000654,,-0.0013009,-0.0013009,0.0,1,1,1.0000,
Matteo Cancellieri,ITA,WAM,2023,Empoli,1380,3.4415657,2,1.4096418,1,1.1180124,0.4361909,0.6818215,32,67,0.4776,33.6085
Emmanuel Gyasi,GHA,WAM,2023,Empoli,1116,3.4776807,1,0.5921758,,0.4136479,0.2562376,0.1574103,2,10,0.2000,40.0865
Francesco Caputo,ITA,FW,2023,Empoli,1120,3.2032422,3,0.753849,,-0.2598388,-0.1512067,-0.1086321,4,8,0.5000,50.5342
Emmanuel Ekong,SWE,FW,2023,Empoli,4,0.0,,0.0064805,,0.0019377,-0.001464,0.0034017,,2,,
Stiven Shpendi,ALB,FW,2023,Empoli,394,0.6754196,,0.2659491,1,0.0240153,0.0404074,-0.0163921,2,7,0.2857,38.4601
Cyril Ngonge,BEL,WAM,2023,Verona,1436,4.5275958,6,1.7946292,2,0.914871,0.2239184,0.6909526,29,62,0.4677,48.944
Jordi Mboula,ESP,WAM,2023,Verona,304,0.421013,,0.3010777,1,0.230733,0.0395607,0.1911723,2,4,0.5000,49.0933
Riccardo Saponara,ITA,WAM,2023,Verona,336,0.1438613,,0.1450546,,0.08668,-0.0096429,0.0963229,4,8,0.5000,49.0797
Milan Djuric,BIH,FW,2023,Verona,1207,4.9393506,5,0.5449127,1,0.3759477,-0.0681157,0.4440634,2,3,0.6667,89.5288
Federico Bonazzoli,ITA,FW,2023,Verona,667,1.2568248,1,0.4080063,1,-0.1242915,0.0037303,-0.1280218,6,9,0.6667,49.7098
Giuseppe Caso,ITA,WAM,2023,Frosinone,409,0.308597,,0.2177484,,0.4372491,0.2157282,0.2215209,15,33,0.4545,24.8346
Marvin Çuni,ALB,FW,2023,Frosinone,470,1.0647988,1,0.1277023,,0.0138379,-0.007457,0.0212949,3,10,0.3000,52.0782
Jaime Báez,URY,WAM,2023,Frosinone,501,0.4613982,1,0.8765672,,0.4101781,0.2636231,0.146555,5,8,0.6250,48.4459
Luca Garritano,ITA,WAM,2023,Frosinone,480,1.1729855,,0.4295335,,0.306395,0.2027768,0.1036182,,5,,29.9634
Luigi Canotto,ITA,WAM,2023,Frosinone,15,0.0,,0.000221,,0.0031132,0.0031132,0.0,1,1,1.0000,
Gennaro Borrelli,ITA,FW,2023,Frosinone,23,0.0,,0.0,,-0.0045547,0.0,-0.0045547,,,,57.8915
Giorgi Kvernadze,GEO,WAM,2023,Frosinone,59,0.0,,0.0095491,,0.0020306,-0.0161817,0.0182123,3,5,0.6000,
Victor Osimhen,NGA,FW,2023,Napoli,1338,10.0714155,11,0.8011913,3,0.3318107,0.0840073,0.2478034,8,25,0.3200,74.373
Matteo Politano,ITA,WAM,2023,Napoli,1791,5.335485,6,4.4167462,5,3.0326932,1.8932372,1.139456,27,57,0.4737,33.698
Giacomo Raspadori,ITA,FW,2023,Napoli,1393,5.3617493,4,2.8353158,3,-0.0316134,-0.1719123,0.1402989,13,27,0.4815,37.8828
Giovanni Simeone,ARG,FW,2023,Napoli,633,3.4213342,1,0.5613674,,-0.2033463,-0.1240856,-0.0792607,5,10,0.5000,50.9271
Eljif Elmas,MKD,WAM,2023,Napoli,331,0.4539138,2,0.3229867,,0.3112208,0.1084461,0.2027747,6,14,0.4286,29.2596
Alessio Zerbin,ITA,WAM,2023,Napoli,145,0.2340497,,0.4386484,,0.06324,-0.001807,0.065047,2,3,0.6667,37.3881
Marcus Thuram,FRA,FW,2023,Internazionale,2023,12.5012954,10,3.0701388,7,0.9787029,0.2380808,0.7406221,27,37,0.7297,72.1196
Lautaro Martínez,ARG,FW,2023,Internazionale,2115,15.5852733,23,2.0373106,2,1.1562185,0.1007378,1.0554807,14,46,0.3043,61.6372
Marko Arnautovic,AUT,FW,2023,Internazionale,588,3.8185909,2,1.9541754,3,0.9727137,0.5527781,0.4199356,1,6,0.1667,52.7625
Mirko Maric,HRV,FW,2023,Monza,279,0.9603665,1,0.1693839,,-0.2504952,-0.3370101,0.0865149,1,4,0.2500,47.1997
Samuele Vignato,ITA,FW,2023,Monza,339,1.2775285,1,0.2137855,,0.354275,0.0401349,0.3141401,5,9,0.5556,40.7637
Dany Mota,PRT,FW,2023,Monza,1759,5.1143182,4,2.3404518,2,1.2171242,0.2421009,0.9750233,11,31,0.3548,50.367
Albert Gudmundsson,ISL,WAM,2023,Genoa,2398,7.1797189,10,5.561243,3,2.8017476,1.7046824,1.0970652,38,73,0.5205,39.744
Mateo Retegui,ITA,FW,2023,Genoa,1694,5.3114077,6,0.5523422,2,-0.4418831,-0.3127439,-0.1291392,9,24,0.3750,66.9146
George Puscas,ROU,FW,2023,Genoa,185,2.5813492,,0.0792038,,0.0484253,-0.3607139,0.4091392,1,3,0.3333,78.1009
Caleb Ekuban,GHA,FW,2023,Genoa,716,1.4847304,2,0.6918184,1,0.3567248,0.0950245,0.2617003,8,17,0.4706,56.0637
Josip Brekalo,HRV,WAM,2023,Fiorentina,654,0.7075885,1,0.667075,,0.4293496,0.1053833,0.3239663,8,17,0.4706,38.8069
Nicolás González,ARG,WAM,2023,Fiorentina,1420,8.0071162,7,2.3132963,2,2.0375037,1.4159989,0.6215048,27,62,0.4355,57.0148
M'Bala Nzola,AGO,FW,2023,Fiorentina,1272,4.6209156,2,1.3409049,2,0.291435,-0.2038267,0.4952617,12,24,0.5000,52.7208
Lucas Beltrán,ARG,FW,2023,Fiorentina,1321,3.3536412,6,1.7048797,1,-0.1746559,-0.0300103,-0.1446456,9,23,0.3913,32.8373
Gino Infantino,ARG,WAM,2023,Fiorentina,78,0.0283398,,0.0210735,,0.010624,0.0051574,0.0054666,3,3,1.0000,43.1893
Riccardo Sottil,ITA,WAM,2023,Fiorentina,833,1.6795804,1,0.7786687,1,0.7496032,0.15541,0.5941932,15,31,0.4839,48.7873
Grégoire Defrel,FRA,FW,2023,Sassuolo,448,0.2598118,,0.8532045,1,0.4466846,0.3488324,0.0978522,1,5,0.2000,27.9473
Armand Laurienté,FRA,WAM,2023,Sassuolo,2300,3.7461904,1,3.759671,4,2.8516821,1.4572687,1.3944134,50,91,0.5495,42.5034
Andrea Pinamonti,ITA,FW,2023,Sassuolo,2373,7.7324772,9,1.2387162,,0.1746731,-0.0016413,0.1763144,12,24,0.5000,52.766
Samuele Mulattieri,ITA,FW,2023,Sassuolo,265,1.0055961,,0.3471317,,0.2480109,0.0764228,0.1715881,5,10,0.5000,48.9049
Emil Ceïde,NOR,WAM,2023,Sassuolo,130,0.1208342,,0.2948955,,0.2547582,0.1177944,0.1369638,12,19,0.6316,52.2963
Ademola Lookman,NGA,WAM,2023,Atalanta,1317,7.9611762,8,2.8169641,3,2.2511542,1.1185236,1.1326306,26,49,0.5306,41.0056
Gianluca Scamacca,ITA,FW,2023,Atalanta,973,5.1796874,6,1.2315494,3,0.2460429,-0.0368642,0.2829071,14,21,0.6667,65.1756
Charles De Ketelaere,BEL,FW,2023,Atalanta,1579,4.8059263,6,3.5939976,6,1.1984806,1.0636319,0.1348487,31,57,0.5439,68.8626
Luis Muriel,COL,FW,2023,Atalanta,395,1.7074793,2,1.63021,1,0.708199,0.3527542,0.3554448,7,18,0.3889,42.2981
Andrea Belotti,ITA,FW,2023,Roma,674,2.8194475,3,1.166348,2,0.5864546,0.173563,0.4128916,8,15,0.5333,56.3852
Stephan El Shaarawy,ITA,WAM,2023,Roma,1383,1.7026415,3,1.7561345,3,1.3085252,0.5297902,0.778735,17,42,0.4048,54.6943
Antonio Candreva,ITA,WAM,2023,Salernitana,2318,2.842177,5,3.8131069,6,1.9532335,1.5683654,0.3848681,13,28,0.4643,39.0785
Boulaye Dia,SEN,FW,2023,Salernitana,1143,4.0569045,4,0.7452771,,0.8099383,0.0615395,0.7483988,14,42,0.3333,31.118
Gabriel Strefezza,BRA,WAM,2023,Lecce,1118,2.1770823,1,1.0940213,,0.9632045,0.6758397,0.2873648,15,30,0.5000,36.2046
Lameck Banda,ZMB,WAM,2023,Lecce,1284,3.758418,2,1.2822283,4,0.9902834,0.0589389,0.9313445,41,86,0.4767,27.4167
Pontus Almqvist,SWE,WAM,2023,Lecce,1780,2.4405999,2,1.3224165,,1.5628567,0.5053341,1.0575226,34,74,0.4595,46.8859
Rares Burnete,ROU,FW,2023,Lecce,7,0.0,,0.0003386,1,-0.0038111,-0.0068774,0.0030663,,,,
Jeppe Corfitzen,DNK,WAM,2023,Lecce,8,0.0,,0.0003428,,0.0009358,-0.002473,0.0034088,,,,50.0
Federico Di Francesco,ITA,WAM,2023,Lecce,14,0.1230353,1,0.0383586,,0.036058,0.0256029,0.0104551,,1,,
Felipe Anderson,BRA,WAM,2023,Lazio,2155,3.3150568,3,4.6549655,6,2.6414849,1.5914105,1.0500744,34,81,0.4198,34.9835
Mattia Zaccagni,ITA,WAM,2023,Lazio,1588,4.7469664,4,2.344913,,1.7480899,0.4374295,1.3106604,48,80,0.6000,36.5207
Ciro Immobile,ITA,FW,2023,Lazio,1427,9.6151927,6,1.523467,1,-0.1503227,-0.1310342,-0.0192885,6,22,0.2727,44.6026
Valentín Castellanos,ARG,FW,2023,Lazio,1127,5.5345031,4,1.1117214,3,0.1200652,0.1093233,0.0107419,10,29,0.3448,67.6105
Gustav Isaksen,DNK,WAM,2023,Lazio,925,1.7373381,2,2.1222992,1,0.9112986,0.5935254,0.3177732,14,35,0.4000,53.3445
Pedro,ESP,WAM,2023,Lazio,611,1.1697648,1,1.4851947,,0.8233635,0.5466044,0.2767591,11,22,0.5000,30.3846
Beto,PRT,FW,2023,Udinese,74,0.0,,0.032926,,-0.0516404,-0.0111915,-0.0404489,2,3,0.6667,62.5793
Florian Thauvin,FRA,WAM,2023,Udinese,1534,5.1563206,4,3.9135029,3,2.9815815,1.7794776,1.2021039,34,74,0.4595,56.6814
Lorenzo Lucca,ITA,FW,2023,Udinese,1963,6.510965,7,0.4192461,3,-0.3158271,-0.0478723,-0.2679548,8,25,0.3200,61.6029
Domingos Quina,PRT,WAM,2023,Udinese,12,0.0,,0.0000795,,0.0028169,0.0028169,0.0,,,,
Marley Aké,FRA,WAM,2023,Udinese,9,0.0,,0.0,,0.0,0.0,0.0,,,,44.4246
Vivaldo Semedo,PRT,FW,2023,Udinese,11,0.0,,0.0,,0.0,0.0,0.0,,,,
Isaac Success,NGA,FW,2023,Udinese,759,2.5866985,,0.5115373,1,0.5102275,0.1950779,0.3151496,15,29,0.5172,64.7231
Timothy Weah,USA,WAM,2023,Juventus,885,1.3567946,,1.1438744,1,0.5009896,0.2110119,0.2899777,3,6,0.5000,52.318
Federico Chiesa,ITA,WAM,2023,Juventus,1597,6.0318983,7,4.387338,1,2.9972587,1.7908675,1.2063912,27,63,0.4286,24.3875
Dusan Vlahovic,SRB,FW,2023,Juventus,1769,15.2089298,15,1.4646664,4,0.7945332,-0.2562958,1.050829,14,28,0.5000,55.3736
Arkadiusz Milik,POL,FW,2023,Juventus,731,4.5380111,3,0.8871768,1,0.4018203,-0.1076262,0.5094465,5,8,0.6250,53.2604
Kenan Yildiz,TUR,FW,2023,Juventus,606,0.8924472,1,1.2516209,,0.9248329,0.4762011,0.4486318,17,25,0.6800,52.6792
Yann Karamoh,FRA,WAM,2023,Torino,153,0.1593762,,0.2623572,,0.2826948,0.1242386,0.1584562,6,17,0.3529,32.4951
Antonio Sanabria,PRY,FW,2023,Torino,1677,7.431313,4,0.8756236,,0.1075552,-0.2042201,0.3117753,9,23,0.3913,47.6514
Pietro Pellegri,ITA,FW,2023,Torino,562,0.5351913,,0.0201901,,-0.191217,-0.1008753,-0.0903417,3,8,0.3750,40.3772
Nemanja Radonjic,SRB,WAM,2023,Torino,373,1.6635659,3,0.3033443,,0.3422217,-0.0074743,0.349696,10,21,0.4762,43.8352
Gaetano Oristanio,ITA,WAM,2023,Cagliari,935,1.6289297,2,1.0437578,1,0.230934,0.1445319,0.0864021,28,50,0.5600,44.658
Zito Luvumbo,AGO,WAM,2023,Cagliari,1385,3.1499115,4,2.4144856,3,1.3583417,0.4459284,0.9124133,22,49,0.4490,28.1801
Eldor Shomurodov,UZB,FW,2023,Cagliari,443,2.0454193,2,0.5296545,2,0.2951071,0.1104664,0.1846407,6,12,0.5000,51.7756
Leonardo Pavoletti,ITA,FW,2023,Cagliari,620,2.7600696,4,0.3698155,1,0.159306,-0.0463041,0.2056101,,,,65.0331
Jakub Jankto,CZE,WAM,2023,Cagliari,849,1.3213446,1,0.4386153,2,0.2638956,0.0731544,0.1907412,1,3,0.3333,31.4867
Dan Ndoye,CHE,WAM,2023,Bologna,1325,2.4748197,,1.265932,1,1.3775769,0.3092359,1.068341,27,66,0.4091,43.9765
Joshua Zirkzee,NLD,FW,2023,Bologna,2264,7.7255091,11,2.2148004,3,1.0185413,0.5871462,0.4313951,40,101,0.3960,46.8025
Sydney van Hooijdonk,NLD,FW,2023,Bologna,207,0.5426193,,0.0278182,,0.2284697,-0.0289164,0.2573861,2,2,1.0000,49.1501
Riccardo Orsolini,ITA,WAM,2023,Bologna,1381,6.5903242,9,2.3893324,2,1.4429939,0.4707,0.9722939,25,55,0.4545,50.5838
Kacper Urbanski,POL,WAM,2023,Bologna,584,1.2758766,,0.4863498,,0.2335186,0.0733872,0.1601314,17,26,0.6538,47.8984
Christian Pulisic,USA,WAM,2023,Milan,1983,6.6166496,9,3.7202074,6,2.1894762,0.3538176,1.8356586,37,78,0.4744,38.3025
Rafael Leão,PRT,WAM,2023,Milan,1901,4.1993628,4,5.7084857,7,4.3197421,2.4565638,1.8631783,53,97,0.5464,60.127
Olivier Giroud,FRA,FW,2023,Milan,1851,11.1463133,12,2.1697769,8,-0.3931058,-0.1457946,-0.2473112,3,7,0.4286,59.9577
Luka Romero,ARG,WAM,2023,Milan,86,0.1013977,,0.0923291,,0.0423634,0.0266573,0.0157061,1,3,0.3333,48.3328
Samuel Chukwueze,NGA,WAM,2023,Milan,629,1.2276081,1,1.1310456,1,1.2047798,0.6238028,0.580977,12,39,0.3077,35.4042
Noah Okafor,CHE,WAM,2023,Milan,672,3.4432435,5,0.3558716,1,0.3941465,0.0464315,0.347715,12,27,0.4444,54.5692
Nicolò Cambiaghi,ITA,WAM,2023,Empoli,2084,3.1193199,,2.4645082,1,1.2573808,0.0846014,1.1727794,24,61,0.3934,29.6775
Walid Cheddira,MAR,FW,2023,Frosinone,1383,5.7371943,4,0.4746903,1,0.3423228,0.0549353,0.2873875,7,20,0.3500,51.1844
Paulo Dybala,ARG,FW,2023,Roma,1511,9.4009519,12,3.1438195,7,1.8823546,1.0279881,0.8543665,23,56,0.4107,27.5623
Moise Kean,ITA,FW,2023,Juventus,494,2.2231445,,0.1778891,,0.0883359,-0.0086361,0.096972,10,24,0.4167,64.6995
Jesper Karlsson,SWE,WAM,2023,Bologna,325,0.5695415,,0.3236194,,0.180188,0.0507401,0.1294479,5,8,0.6250,40.2142
Christian Kouamé,CIV,FW,2023,Fiorentina,681,1.1392234,1,1.0131679,1,0.4941272,0.4170454,0.0770818,7,21,0.3333,59.6243
Nikola Krstovic,MNE,FW,2023,Lecce,1755,9.2424498,5,0.9364136,,0.0167348,0.1006143,-0.0838795,18,36,0.5000,54.7197
Khvicha Kvaratskhelia,GEO,WAM,2023,Napoli,2177,10.2551411,10,4.9490997,4,3.0215766,0.9271674,2.0944092,74,148,0.5000,49.3201
Chukwubuikem Ikwuemesi,NGA,FW,2023,Salernitana,627,1.751521,1,0.5022658,1,0.0456536,-0.187523,0.2331766,8,18,0.4444,45.0512
Domenico Berardi,ITA,WAM,2023,Sassuolo,1438,7.2240155,9,3.2931269,3,1.7224141,0.9478132,0.7746009,11,25,0.4400,36.3899
Romelu Lukaku,BEL,FW,2023,Roma,2145,10.316974,10,1.4509918,3,0.4835021,-0.2895528,0.7730549,10,23,0.4348,67.2945
Matías Soulé,ARG,WAM,2023,Frosinone,2359,8.1815573,10,4.6104216,2,3.8786348,2.1821074,1.6965274,83,169,0.4911,33.1246
Kaio Jorge,BRA,FW,2023,Frosinone,786,6.5816374,3,0.3039,,-0.1751611,-0.0983539,-0.0768072,5,18,0.2778,34.7726
Andrea Petagna,ITA,FW,2023,Cagliari,996,1.3532461,1,1.3650614,1,0.2618111,0.0615556,0.2002555,11,15,0.7333,60.3738
Lorenzo Colombo,ITA,FW,2023,Monza,1289,4.3261089,4,0.5076823,1,0.2586148,-0.1596926,0.4183074,10,20,0.5000,36.7351
Duván Zapata,COL,FW,2023,Torino,2148,8.9385179,9,1.6384903,4,0.6277299,-0.0114934,0.6392233,25,69,0.3623,67.3482
Demba Seck,SEN,WAM,2023,Torino,427,0.369838,,0.1990583,,0.2808992,0.0312599,0.2496393,7,15,0.4667,32.5948
Mattia Destro,ITA,FW,2023,Empoli,280,1.0370017,,0.0140393,,0.0171365,-0.0289379,0.0460744,1,1,1.0000,41.9925
Roberto Piccoli,ITA,FW,2023,Lecce,868,3.2376501,4,0.3155352,,0.2033681,0.134283,0.0690851,11,21,0.5238,47.4842
Remi Oudin,FRA,WAM,2023,Lecce,1409,1.3953585,3,3.0401885,1,1.0415054,0.8743772,0.1671282,4,8,0.5000,55.4939
Loum Tchaouna,FRA,WAM,2023,Salernitana,1302,2.1114662,2,1.1362339,3,0.9155615,0.3401265,0.575435,10,32,0.3125,32.4915
Alexis Sánchez,CHL,FW,2023,Internazionale,481,1.3118142,1,1.3718469,3,0.4809429,0.4728088,0.0081341,7,10,0.7000,46.8193
Luka Jovic,SRB,FW,2023,Milan,646,4.2954058,5,0.8410215,1,0.1736716,0.2097365,-0.0360649,5,9,0.5556,41.2218
Nicola Sansone,ITA,WAM,2023,Lecce,604,1.6456302,1,0.8090607,2,0.3620048,0.1718256,0.1901792,9,18,0.5000,27.3977
Marcin Listkowski,POL,WAM,2023,Lecce,7,0.0198179,,0.0002438,,0.0013926,0.0017013,-0.0003087,,,,
Arijon Ibrahimovic,DEU,WAM,2023,Frosinone,454,0.8952228,1,0.7839403,1,0.4863761,0.2890731,0.197303,4,10,0.4000,50.0
Samu Castillejo,ESP,WAM,2023,Sassuolo,517,0.3129685,,0.9640956,,0.2013251,0.0026847,0.1986404,8,16,0.5000,38.1516
Sardar Azmoun,IRN,FW,2023,Roma,400,1.7548639,2,0.4131935,,0.2566073,0.1841224,0.0724849,4,9,0.4444,46.2305
Juan Manuel Cruz,ARG,FW,2023,Verona,107,0.0330715,,0.0570279,,0.082417,0.0416003,0.0408167,2,3,0.6667,37.3526
Jonathan Ikoné,FRA,WAM,2023,Fiorentina,1211,3.3823134,1,1.741513,1,0.80393,0.230418,0.573512,15,28,0.5357,31.2737
Alexis Saelemaekers,BEL,WAM,2023,Bologna,1377,2.0601223,1,3.3706873,1,1.3653864,0.8615205,0.5038659,33,77,0.4286,47.9208
M'Bala Nzola,AGO,FW,2022,Spezia,90,,,,,,,,1,8,0.1250,49.4156
Eldor Shomurodov,UZB,FW,2022,Spezia,90,,,,1,,,,4,7,0.5714,47.612
Tio Cipot,SVN,WAM,2022,Spezia,7,,,,,,,,,1,,46.578
Daniele Verde,ITA,WAM,2022,Spezia,37,,,,,,,,,,,
Cyril Ngonge,BEL,WAM,2022,Verona,76,,2,,,,,,1,2,0.5000,45.04
Milan Djuric,BIH,FW,2022,Verona,76,,,,1,,,,,,,83.7027
Adolfo Gaich,ARG,FW,2022,Verona,14,,,,,,,,2,3,0.6667,57.2668
Thomas Henry,FRA,FW,2023,Verona,297,2.8158383,3,0.1074587,,0.0682357,0.0038074,0.0644283,,3,,63.557
Trivante Stewart,JAM,FW,2023,Salernitana,96,0.0699132,,0.0303281,,-0.0239806,-0.0293453,0.0053647,2,3,0.6667,50.6152
Junior Messias,BRA,WAM,2023,Genoa,832,1.1884156,1,0.8188773,,0.8975078,0.4597951,0.4377127,15,29,0.5172,39.7137
Gianluca Lapadula,PER,FW,2023,Cagliari,820,3.2953465,2,0.3255709,,0.0592586,-0.219892,0.2791506,3,5,0.6000,46.0099
Chaka Traorè,CIV,WAM,2023,Milan,18,0.122125,1,0.0078211,,0.0345243,-0.0065634,0.0410877,,,,50.0
Yayah Kallon,SLE,WAM,2023,Verona,3,0.0,,0.0001446,,0.0040888,0.0040888,0.0,,,,
Francesco Camarda,ITA,FW,2023,Milan,12,0.0,,0.0,,0.0,0.0,0.0,,1,,49.1084
Simy,NGA,FW,2023,Salernitana,549,1.4173991,1,0.2197531,,-0.1009231,-0.093194,-0.0077291,1,2,0.5000,53.2452
Farès Ghedjemis,FRA,WAM,2023,Frosinone,175,0.1863094,,0.0744909,,0.0564272,0.0147124,0.0417148,2,7,0.2857,50.0
Keinan Davis,ENG,FW,2023,Udinese,20,0.0153764,,0.0603296,,0.0248489,0.0129263,0.0119226,,1,,53.7546
Giacomo Corona,ITA,FW,2023,Empoli,4,0.0,,0.0003005,,-0.0095511,-0.0099499,0.0003988,,,,
Daniel Maldini,ITA,WAM,2023,Monza,149,1.0126093,3,0.5858301,1,0.2963072,0.1565525,0.1397547,4,6,0.6667,49.2167
Brenner,BRA,FW,2023,Udinese,36,0.0217679,,0.0021802,,-0.0390599,-0.0425832,0.0035233,,1,,
El Bilal Touré,MLI,FW,2023,Atalanta,55,0.6478512,1,0.0601441,,0.0448944,0.0851209,-0.0402265,,2,,53.9447
Alberto Cerri,ITA,FW,2023,Empoli,373,0.9641764,,0.2018167,,0.0819926,0.0844699,-0.0024773,1,6,0.1667,67.55
Santiago Pierotti,ARG,WAM,2023,Lecce,35,0.1444473,,0.0079029,,-0.023376,-0.0163944,-0.0069816,1,3,0.3333,61.8321
Tijjani Noslin,NLD,WAM,2023,Verona,541,1.0507804,2,0.2552433,,0.2730069,-0.0221155,0.2951224,4,8,0.5000,58.3404
Elayis Tavsan,NLD,WAM,2023,Verona,31,0.0,,0.0013336,,0.0067506,-0.0031409,0.0098915,,,,
Demba Seck,SEN,WAM,2023,Frosinone,254,0.332461,,0.463331,,0.2014695,0.0836072,0.1178623,3,7,0.4286,32.5948
Milan Djuric,BIH,FW,2023,Monza,563,0.4944542,,0.1052211,1,-0.0775759,-0.0693038,-0.0082721,1,1,1.0000,80.5614
Alessio Zerbin,ITA,WAM,2023,Monza,143,0.019917,,0.1496736,,0.1259256,0.0393879,0.0865377,3,7,0.4286,37.3881
Cyril Ngonge,BEL,WAM,2023,Napoli,72,0.6311347,2,0.041496,,0.0182073,-0.0165544,0.0347617,1,3,0.3333,51.4705
Andrea Belotti,ITA,FW,2023,Fiorentina,548,1.6329639,1,0.4317678,,0.469963,0.3371444,0.1328186,1,2,0.5000,59.3733
M'Baye Niang,SEN,FW,2023,Empoli,283,3.4692497,3,0.1466681,1,-0.0981976,-0.0637078,-0.0344898,4,6,0.6667,57.266
Vítinha,PRT,FW,2023,Genoa,183,0.544978,1,0.1783114,,0.0394049,-0.02795,0.0673549,1,5,0.2000,40.9951
Jens Odgaard,DNK,FW,2023,Bologna,191,1.1381657,2,0.0467438,,-0.1671648,-0.0484594,-0.1187054,2,5,0.4000,52.8942
David Okereke,NGA,FW,2023,Torino,94,0.2526747,,0.0236483,,0.0543214,-0.0351173,0.0894387,1,2,0.5000,48.5085
Emanuel Vignato,ITA,WAM,2023,Salernitana,26,0.0,,0.0042388,,0.0048746,0.0056735,-0.0007989,,,,
Shon Weissman,ISR,FW,2023,Salernitana,325,0.5989586,1,0.1267264,,-0.0367527,-0.0380616,0.0013089,,1,,28.8427
Hamed Traorè,CIV,WAM,2023,Napoli,293,0.5691851,,0.3403698,,0.4052589,0.3293106,0.0759483,5,9,0.5556,38.5593
Karol Swiderski,POL,FW,2023,Verona,258,1.2495531,1,0.075385,,0.0227769,-0.0088676,0.0316445,3,7,0.4286,43.5707
Stefan Mitrovic,SRB,WAM,2023,Verona,109,0.0,,0.0486356,,0.0897358,0.0364731,0.0532627,2,4,0.5000,50.0
David Ankeye,NGA,FW,2023,Genoa,11,0.0,,0.0,,-0.0007735,0.0,-0.0007735,,1,,
Justin Kumi,ITA,FW,2023,Sassuolo,3,0.0,,0.0005338,,0.0025739,0.0020047,0.0005692,,,,
Santiago Castro,ARG,FW,2023,Bologna,29,0.1185121,,0.0003132,,0.0039876,-0.0116163,0.0156039,,,,59.877
